AAAAAA,
AAAAAC,
AAAAAG,
AAAAAT,-0.3426384
AAAACA,
AAAACC,
AAAACG,
AAAACT,
AAAAGA,
AAAAGC,
AAAAGG,-0.2101461
AAAAGT,
AAAATA,
AAAATC,
AAAATG,-0.2161195
AAAATT,-0.4201145
AAACAA,
AAACAC,
AAACAG,
AAACAT,
AAACCA,
AAACCC,-0.2917996
AAACCG,0.2951263
AAACCT,0.3095501
AAACGA,0.4083026
AAACGC,0.3985642
AAACGG,0.1772093
AAACGT,0.2936545
AAACTA,
AAACTC,
AAACTG,
AAACTT,
AAAGAA,0.3546123
AAAGAC,0.3901743
AAAGAG,
AAAGAT,
AAAGCA,
AAAGCC,
AAAGCG,0.3085492
AAAGCT,
AAAGGA,0.4181958
AAAGGC,
AAAGGG,-0.2631473
AAAGGT,
AAAGTA,
AAAGTC,
AAAGTG,
AAAGTT,
AAATAA,
AAATAC,
AAATAG,-0.5179604
AAATAT,-0.4134619
AAATCA,
AAATCC,
AAATCG,0.2709886
AAATCT,
AAATGA,
AAATGC,-0.2229889
AAATGG,
AAATGT,
AAATTA,
AAATTC,
AAATTG,-0.2280256
AAATTT,-0.3210911
AACAAA,
AACAAC,0.5506607
AACAAG,
AACAAT,
AACACA,
AACACC,
AACACG,0.4736274
AACACT,0.2562117
AACAGA,0.537137
AACAGC,
AACAGG,-0.2738495
AACAGT,
AACATA,
AACATC,0.3508416
AACATG,
AACATT,
AACCAA,0.4034116
AACCAC,
AACCAG,
AACCAT,
AACCCA,-0.3519517
AACCCC,-0.2554032
AACCCG,0.4703306
AACCCT,0.3235617
AACCGA,
AACCGC,
AACCGG,0.4394285
AACCGT,
AACCTA,
AACCTC,0.2858773
AACCTG,0.4583104
AACCTT,
AACGAA,
AACGAC,0.4811551
AACGAG,
AACGAT,0.3859664
AACGCA,
AACGCC,0.5163793
AACGCG,0.6918085
AACGCT,0.3614755
AACGGA,0.780355
AACGGC,0.5234127
AACGGG,0.2876126
AACGGT,
AACGTA,
AACGTC,0.6840531
AACGTG,0.265359
AACGTT,0.3442259
AACTAA,
AACTAC,0.3115089
AACTAG,-0.3166756
AACTAT,
AACTCA,
AACTCC,
AACTCG,0.4162857
AACTCT,
AACTGA,
AACTGC,0.2092708
AACTGG,
AACTGT,
AACTTA,
AACTTC,0.4138046
AACTTG,
AACTTT,
AAGAAA,0.7945835
AAGAAC,0.6302497
AAGAAG,0.5907246
AAGAAT,0.6130373
AAGACA,0.4241985
AAGACC,0.3966926
AAGACG,0.7250714
AAGACT,0.7782921
AAGAGA,0.67542
AAGAGC,0.3940998
AAGAGG,
AAGAGT,0.3162026
AAGATA,0.3910728
AAGATC,0.6374851
AAGATG,0.4652863
AAGATT,0.4482534
AAGCAA,
AAGCAC,
AAGCAG,
AAGCAT,
AAGCCA,
AAGCCC,
AAGCCG,0.3552939
AAGCCT,
AAGCGA,0.4179735
AAGCGC,0.4352798
AAGCGG,0.2857138
AAGCGT,
AAGCTA,
AAGCTC,
AAGCTG,0.2345506
AAGCTT,
AAGGAA,0.5452517
AAGGAC,0.5706734
AAGGAG,
AAGGAT,0.56747
AAGGCA,
AAGGCC,
AAGGCG,0.3062532
AAGGCT,
AAGGGA,-0.2065784
AAGGGC,-0.1457545
AAGGGG,-0.1928049
AAGGGT,
AAGGTA,
AAGGTC,
AAGGTG,-0.1623378
AAGGTT,
AAGTAA,
AAGTAC,
AAGTAG,-0.4776328
AAGTAT,
AAGTCA,
AAGTCC,
AAGTCG,0.4271182
AAGTCT,0.3813155
AAGTGA,
AAGTGC,
AAGTGG,-0.1683113
AAGTGT,
AAGTTA,
AAGTTC,0.292112
AAGTTG,
AAGTTT,
AATAAA,-0.3439169
AATAAC,
AATAAG,-0.292067
AATAAT,-0.2893589
AATACA,
AATACC,
AATACG,
AATACT,
AATAGA,
AATAGC,
AATAGG,-0.6293122
AATAGT,-0.4629736
AATATA,-0.4768642
AATATC,
AATATG,-0.2454755
AATATT,-0.3154393
AATCAA,
AATCAC,
AATCAG,
AATCAT,
AATCCA,
AATCCC,-0.2128257
AATCCG,0.4574375
AATCCT,0.4169333
AATCGA,0.4684401
AATCGC,0.3955623
AATCGG,0.2659727
AATCGT,0.3144365
AATCTA,
AATCTC,
AATCTG,0.2281679
AATCTT,
AATGAA,
AATGAC,0.3493022
AATGAG,
AATGAT,
AATGCA,-0.2253457
AATGCC,
AATGCG,0.2949497
AATGCT,
AATGGA,0.3855688
AATGGC,0.1189954
AATGGG,-0.2660289
AATGGT,-0.2408749
AATGTA,
AATGTC,
AATGTG,
AATGTT,
AATTAA,
AATTAC,
AATTAG,-0.6092715
AATTAT,-0.3923267
AATTCA,
AATTCC,-0.2199738
AATTCG,0.3213834
AATTCT,
AATTGA,
AATTGC,-0.2048141
AATTGG,
AATTGT,
AATTTA,
AATTTC,
AATTTG,-0.1745916
AATTTT,
ACAAAA,
ACAAAC,
ACAAAG,
ACAAAT,
ACAACA,
ACAACC,
ACAACG,0.5867802
ACAACT,
ACAAGA,0.4876708
ACAAGC,0.3529198
ACAAGG,
ACAAGT,
ACAATA,
ACAATC,
ACAATG,
ACAATT,
ACACAA,
ACACAC,
ACACAG,
ACACAT,
ACACCA,-0.1273292
ACACCC,
ACACCG,0.5359733
ACACCT,0.298953
ACACGA,
ACACGC,0.4970113
ACACGG,0.3501741
ACACGT,
ACACTA,-0.4209507
ACACTC,0.2989625
ACACTG,0.1600867
ACACTT,
ACAGAA,
ACAGAC,0.3928683
ACAGAG,
ACAGAT,0.2541511
ACAGCA,
ACAGCC,
ACAGCG,0.3322159
ACAGCT,
ACAGGA,
ACAGGC,
ACAGGG,-0.3049664
ACAGGT,-0.3149683
ACAGTA,
ACAGTC,
ACAGTG,-0.1614377
ACAGTT,
ACATAA,
ACATAC,
ACATAG,-0.4348325
ACATAT,-0.3750182
ACATCA,
ACATCC,0.2312514
ACATCG,0.5708846
ACATCT,0.265278
ACATGA,
ACATGC,
ACATGG,
ACATGT,
ACATTA,
ACATTC,
ACATTG,
ACATTT,
ACCAAA,
ACCAAC,
ACCAAG,
ACCAAT,
ACCACA,
ACCACC,-0.4240904
ACCACG,0.3708951
ACCACT,
ACCAGA,
ACCAGC,
ACCAGG,
ACCAGT,
ACCATA,-0.5691269
ACCATC,
ACCATG,
ACCATT,
ACCCAA,-0.14622
ACCCAC,-0.1381479
ACCCAG,-0.2266799
ACCCAT,-0.1881789
ACCCCA,-0.3279441
ACCCCC,-0.1805163
ACCCCG,0.1219181
ACCCCT,-0.1515032
ACCCGA,0.3178413
ACCCGC,0.2726218
ACCCGG,0.3171909
ACCCGT,0.2785147
ACCCTA,-0.2978614
ACCCTC,0.1368873
ACCCTG,0.1550782
ACCCTT,-0.2458748
ACCGAA,
ACCGAC,
ACCGAG,
ACCGAT,
ACCGCA,
ACCGCC,
ACCGCG,0.4868737
ACCGCT,
ACCGGA,
ACCGGC,
ACCGGG,0.549885
ACCGGT,
ACCGTA,
ACCGTC,
ACCGTG,0.1955389
ACCGTT,
ACCTAA,-0.5869125
ACCTAC,
ACCTAG,-0.3268017
ACCTAT,-0.2683414
ACCTCA,
ACCTCC,
ACCTCG,0.5476889
ACCTCT,
ACCTGA,
ACCTGC,0.4415366
ACCTGG,0.3522403
ACCTGT,
ACCTTA,
ACCTTC,
ACCTTG,
ACCTTT,
ACGAAA,
ACGAAC,0.473227
ACGAAG,0.4047467
ACGAAT,
ACGACA,
ACGACC,0.4147181
ACGACG,0.7235996
ACGACT,0.4962344
ACGAGA,
ACGAGC,0.3246711
ACGAGG,0.2146663
ACGAGT,
ACGATA,
ACGATC,0.6312504
ACGATG,0.3612823
ACGATT,
ACGCAA,
ACGCAC,
ACGCAG,
ACGCAT,
ACGCCA,0.3719574
ACGCCC,0.3231747
ACGCCG,0.8094945
ACGCCT,0.5246109
ACGCGA,0.4852253
ACGCGC,0.6077739
ACGCGG,0.6003441
ACGCGT,0.3630062
ACGCTA,
ACGCTC,0.3869414
ACGCTG,0.3798779
ACGCTT,
ACGGAA,0.5036778
ACGGAC,0.6755092
ACGGAG,0.3811978
ACGGAT,0.587781
ACGGCA,
ACGGCC,0.3627825
ACGGCG,0.7085283
ACGGCT,
ACGGGA,0.4246459
ACGGGC,0.3591562
ACGGGG,0.2038036
ACGGGT,
ACGGTA,
ACGGTC,0.5405004
ACGGTG,
ACGGTT,
ACGTAA,
ACGTAC,0.2860312
ACGTAG,-0.3902073
ACGTAT,
ACGTCA,
ACGTCC,0.5534317
ACGTCG,0.8103775
ACGTCT,0.5131897
ACGTGA,
ACGTGC,0.1950095
ACGTGG,0.3520971
ACGTGT,
ACGTTA,
ACGTTC,0.519641
ACGTTG,0.2524914
ACGTTT,
ACTAAA,-0.5829108
ACTAAC,
ACTAAG,-0.358946
ACTAAT,-0.3339253
ACTACA,
ACTACC,-0.2093725
ACTACG,0.5095985
ACTACT,0.3076073
ACTAGA,
ACTAGC,
ACTAGG,-0.5416126
ACTAGT,-0.4093408
ACTATA,-0.3908264
ACTATC,
ACTATG,
ACTATT,-0.2955993
ACTCAA,
ACTCAC,
ACTCAG,
ACTCAT,
ACTCCA,-0.138561
ACTCCC,
ACTCCG,0.6024402
ACTCCT,0.415697
ACTCGA,
ACTCGC,0.3890966
ACTCGG,0.2899893
ACTCGT,0.26622
ACTCTA,-0.39405
ACTCTC,
ACTCTG,0.1940864
ACTCTT,
ACTGAA,
ACTGAC,0.3347545
ACTGAG,
ACTGAT,0.2679861
ACTGCA,0.2032529
ACTGCC,
ACTGCG,0.5101872
ACTGCT,0.2584932
ACTGGA,
ACTGGC,
ACTGGG,
ACTGGT,
ACTGTA,
ACTGTC,0.3045045
ACTGTG,
ACTGTT,
ACTTAA,-0.6715053
ACTTAC,
ACTTAG,-0.6560161
ACTTAT,
ACTTCA,
ACTTCC,
ACTTCG,0.6206318
ACTTCT,0.263453
ACTTGA,
ACTTGC,-0.1385637
ACTTGG,
ACTTGT,
ACTTTA,-0.5512302
ACTTTC,
ACTTTG,-0.1547073
ACTTTT,-0.4257662
AGAAAA,
AGAAAC,0.3147418
AGAAAG,
AGAAAT,
AGAACA,
AGAACC,
AGAACG,0.4467227
AGAACT,0.3701886
AGAAGA,1.033911
AGAAGC,0.5048624
AGAAGG,
AGAAGT,0.4234681
AGAATA,
AGAATC,0.3682373
AGAATG,0.156834
AGAATT,
AGACAA,
AGACAC,
AGACAG,
AGACAT,
AGACCA,
AGACCC,
AGACCG,0.4530221
AGACCT,0.5396823
AGACGA,0.6009428
AGACGC,0.5261837
AGACGG,0.3089121
AGACGT,0.5421549
AGACTA,
AGACTC,
AGACTG,0.3721042
AGACTT,
AGAGAA,0.3921844
AGAGAC,0.5349585
AGAGAG,
AGAGAT,0.3668329
AGAGCA,
AGAGCC,
AGAGCG,
AGAGCT,
AGAGGA,0.5257987
AGAGGC,
AGAGGG,-0.1545021
AGAGGT,
AGAGTA,
AGAGTC,0.2996553
AGAGTG,
AGAGTT,
AGATAA,
AGATAC,
AGATAG,-0.6304655
AGATAT,
AGATCA,
AGATCC,0.1918508
AGATCG,0.3309796
AGATCT,0.2934779
AGATGA,
AGATGC,0.1935027
AGATGG,
AGATGT,
AGATTA,
AGATTC,
AGATTG,
AGATTT,
AGCAAA,
AGCAAC,
AGCAAG,
AGCAAT,
AGCACA,
AGCACC,-0.3022972
AGCACG,
AGCACT,
AGCAGA,
AGCAGC,-0.2954918
AGCAGG,-0.3037783
AGCAGT,
AGCATA,
AGCATC,
AGCATG,
AGCATT,
AGCCAA,
AGCCAC,
AGCCAG,-0.1925297
AGCCAT,
AGCCCA,-0.2921083
AGCCCC,-0.2331303
AGCCCG,
AGCCCT,
AGCCGA,
AGCCGC,
AGCCGG,0.2572989
AGCCGT,
AGCCTA,-0.6765075
AGCCTC,
AGCCTG,
AGCCTT,-0.3004857
AGCGAA,
AGCGAC,0.4616812
AGCGAG,
AGCGAT,
AGCGCA,
AGCGCC,
AGCGCG,0.4134598
AGCGCT,
AGCGGA,0.4404278
AGCGGC,
AGCGGG,0.1814636
AGCGGT,
AGCGTA,
AGCGTC,0.5147148
AGCGTG,
AGCGTT,
AGCTAA,-0.4360685
AGCTAC,
AGCTAG,-0.7715827
AGCTAT,-0.337752
AGCTCA,
AGCTCC,
AGCTCG,
AGCTCT,
AGCTGA,
AGCTGC,0.1518185
AGCTGG,-0.226614
AGCTGT,
AGCTTA,-0.4048325
AGCTTC,
AGCTTG,-0.3300452
AGCTTT,-0.3529999
AGGAAA,
AGGAAC,0.3382182
AGGAAG,
AGGAAT,
AGGACA,
AGGACC,0.2457202
AGGACG,0.3938553
AGGACT,0.3919125
AGGAGA,
AGGAGC,0.3362169
AGGAGG,-0.1467904
AGGAGT,
AGGATA,
AGGATC,0.3786285
AGGATG,0.1869878
AGGATT,
AGGCAA,
AGGCAC,
AGGCAG,-0.4904081
AGGCAT,
AGGCCA,
AGGCCC,
AGGCCG,
AGGCCT,
AGGCGA,
AGGCGC,
AGGCGG,
AGGCGT,
AGGCTA,-0.4038321
AGGCTC,
AGGCTG,
AGGCTT,
AGGGAA,
AGGGAC,
AGGGAG,-0.3730041
AGGGAT,
AGGGCA,-0.2671127
AGGGCC,-0.3710498
AGGGCG,-0.2488546
AGGGCT,
AGGGGA,-0.2748466
AGGGGC,-0.2250413
AGGGGG,-0.4636428
AGGGGT,-0.3401657
AGGGTA,-0.5346674
AGGGTC,
AGGGTG,-0.4796276
AGGGTT,-0.4698616
AGGTAA,-0.5552319
AGGTAC,
AGGTAG,-0.8712536
AGGTAT,-0.4011575
AGGTCA,
AGGTCC,-0.2263276
AGGTCG,
AGGTCT,
AGGTGA,-0.4290654
AGGTGC,-0.261588
AGGTGG,-0.4230432
AGGTGT,-0.2858265
AGGTTA,-0.6020303
AGGTTC,
AGGTTG,-0.4762726
AGGTTT,-0.4340083
AGTAAA,
AGTAAC,
AGTAAG,-0.5050084
AGTAAT,-0.3938574
AGTACA,
AGTACC,
AGTACG,
AGTACT,
AGTAGA,
AGTAGC,-0.4826875
AGTAGG,-0.7034488
AGTAGT,-0.3731343
AGTATA,-0.4253971
AGTATC,
AGTATG,-0.2512444
AGTATT,-0.3869693
AGTCAA,
AGTCAC,
AGTCAG,-0.6838628
AGTCAT,
AGTCCA,
AGTCCC,-0.2374122
AGTCCG,0.2772291
AGTCCT,
AGTCGA,
AGTCGC,0.3652353
AGTCGG,0.1598617
AGTCGT,0.2573302
AGTCTA,-0.4667486
AGTCTC,
AGTCTG,
AGTCTT,
AGTGAA,
AGTGAC,0.3232087
AGTGAG,-0.3743117
AGTGAT,
AGTGCA,-0.1688486
AGTGCC,
AGTGCG,
AGTGCT,-0.115945
AGTGGA,
AGTGGC,
AGTGGG,-0.2463696
AGTGGT,
AGTGTA,-0.3538101
AGTGTC,
AGTGTG,-0.2554586
AGTGTT,
AGTTAA,-0.1722053
AGTTAC,0.192107
AGTTAG,-0.64499
AGTTAT,-0.09062579
AGTTCA,0.2039793
AGTTCC,-0.09818825
AGTTCG,0.5053776
AGTTCT,0.1575431
AGTTGA,0.1189049
AGTTGC,0.1763711
AGTTGG,
AGTTGT,
AGTTTA,-0.2155167
AGTTTC,0.2540959
AGTTTG,
AGTTTT,-0.1060215
ATAAAA,-0.5420039
ATAAAC,
ATAAAG,-0.2713439
ATAAAT,-0.4457828
ATAACA,-0.3642591
ATAACC,-0.274223
ATAACG,
ATAACT,-0.3164402
ATAAGA,
ATAAGC,
ATAAGG,-0.3648223
ATAAGT,
ATAATA,-0.5025421
ATAATC,
ATAATG,-0.3346071
ATAATT,-0.3258009
ATACAA,
ATACAC,
ATACAG,
ATACAT,
ATACCA,
ATACCC,-0.2287793
ATACCG,0.319264
ATACCT,
ATACGA,
ATACGC,0.3582309
ATACGG,0.1928181
ATACGT,
ATACTA,
ATACTC,
ATACTG,
ATACTT,-0.2530346
ATAGAA,
ATAGAC,
ATAGAG,-0.2651034
ATAGAT,
ATAGCA,-0.382934
ATAGCC,-0.279161
ATAGCG,
ATAGCT,-0.2664575
ATAGGA,
ATAGGC,
ATAGGG,-0.69754
ATAGGT,-0.5276154
ATAGTA,-0.5036537
ATAGTC,
ATAGTG,-0.3373484
ATAGTT,-0.5539314
ATATAA,-0.3605909
ATATAC,
ATATAG,-0.6737956
ATATAT,-0.3740682
ATATCA,
ATATCC,
ATATCG,
ATATCT,
ATATGA,
ATATGC,-0.2433775
ATATGG,
ATATGT,
ATATTA,-0.3599239
ATATTC,
ATATTG,-0.3277949
ATATTT,-0.5337382
ATCAAA,
ATCAAC,
ATCAAG,
ATCAAT,
ATCACA,
ATCACC,-0.2063338
ATCACG,0.2585077
ATCACT,
ATCAGA,
ATCAGC,
ATCAGG,-0.2621685
ATCAGT,-0.4092819
ATCATA,
ATCATC,
ATCATG,
ATCATT,
ATCCAA,
ATCCAC,
ATCCAG,0.145485
ATCCAT,
ATCCCA,-0.2794055
ATCCCC,-0.3027116
ATCCCG,0.5058895
ATCCCT,
ATCCGA,
ATCCGC,
ATCCGG,0.5114989
ATCCGT,
ATCCTA,
ATCCTC,
ATCCTG,0.4471204
ATCCTT,
ATCGAA,
ATCGAC,0.5385761
ATCGAG,
ATCGAT,0.3124348
ATCGCA,
ATCGCC,0.2901624
ATCGCG,0.5410952
ATCGCT,
ATCGGA,0.3417178
ATCGGC,0.3337538
ATCGGG,0.3900915
ATCGGT,
ATCGTA,
ATCGTC,0.6516479
ATCGTG,0.2139912
ATCGTT,
ATCTAA,
ATCTAC,
ATCTAG,-0.54722
ATCTAT,-0.315145
ATCTCA,
ATCTCC,
ATCTCG,0.3218544
ATCTCT,
ATCTGA,
ATCTGC,0.2858548
ATCTGG,
ATCTGT,
ATCTTA,-0.350253
ATCTTC,
ATCTTG,-0.1905482
ATCTTT,
ATGAAA,
ATGAAC,0.4494426
ATGAAG,0.3379854
ATGAAT,0.2787598
ATGACA,
ATGACC,0.3253847
ATGACG,0.5443332
ATGACT,0.3673039
ATGAGA,
ATGAGC,
ATGAGG,-0.2330171
ATGAGT,
ATGATA,
ATGATC,0.4417455
ATGATG,0.1871651
ATGATT,
ATGCAA,
ATGCAC,-0.109423
ATGCAG,
ATGCAT,
ATGCCA,0.1214342
ATGCCC,
ATGCCG,0.4220552
ATGCCT,0.3308619
ATGCGA,
ATGCGC,0.4076469
ATGCGG,0.2911349
ATGCGT,
ATGCTA,
ATGCTC,
ATGCTG,0.2077722
ATGCTT,
ATGGAA,0.3927617
ATGGAC,0.5893696
ATGGAG,0.2285482
ATGGAT,0.2990776
ATGGCA,
ATGGCC,
ATGGCG,0.388449
ATGGCT,
ATGGGA,0.05366474
ATGGGC,-0.1063745
ATGGGG,-0.3309603
ATGGGT,-0.4942961
ATGGTA,-0.4843041
ATGGTC,
ATGGTG,-0.14757
ATGGTT,-0.2892404
ATGTAA,
ATGTAC,
ATGTAG,-0.5436287
ATGTAT,
ATGTCA,
ATGTCC,
ATGTCG,0.3971522
ATGTCT,
ATGTGA,
ATGTGC,
ATGTGG,
ATGTGT,
ATGTTA,
ATGTTC,0.3538435
ATGTTG,
ATGTTT,
ATTAAA,-0.5195496
ATTAAC,
ATTAAG,-0.3588872
ATTAAT,-0.3604178
ATTACA,
ATTACC,-0.2260513
ATTACG,
ATTACT,
ATTAGA,
ATTAGC,-0.4406608
ATTAGG,-0.7266267
ATTAGT,-0.4373052
ATTATA,-0.8132342
ATTATC,
ATTATG,-0.355412
ATTATT,-0.2861209
ATTCAA,
ATTCAC,
ATTCAG,
ATTCAT,
ATTCCA,-0.1519374
ATTCCC,-0.3710152
ATTCCG,0.4529043
ATTCCT,
ATTCGA,
ATTCGC,0.4534452
ATTCGG,0.2742169
ATTCGT,
ATTCTA,
ATTCTC,
ATTCTG,0.188297
ATTCTT,-0.2832361
ATTGAA,
ATTGAC,
ATTGAG,
ATTGAT,
ATTGCA,-0.1779857
ATTGCC,
ATTGCG,0.2874729
ATTGCT,-0.1096746
ATTGGA,0.3473869
ATTGGC,
ATTGGG,-0.1034337
ATTGGT,
ATTGTA,-0.3674828
ATTGTC,
ATTGTG,-0.1568758
ATTGTT,
ATTTAA,-0.4896476
ATTTAC,
ATTTAG,-0.6683205
ATTTAT,-0.2595694
ATTTCA,
ATTTCC,-0.3296463
ATTTCG,0.3013668
ATTTCT,
ATTTGA,
ATTTGC,-0.1772127
ATTTGG,
ATTTGT,
ATTTTA,-0.7246397
ATTTTC,
ATTTTG,-0.257136
ATTTTT,-0.5992043
CAAAAA,-0.2551171
CAAAAC,
CAAAAG,
CAAAAT,-0.2651627
CAAACA,
CAAACC,
CAAACG,0.2920078
CAAACT,
CAAAGA,0.2297147
CAAAGC,
CAAAGG,
CAAAGT,
CAAATA,-0.3898416
CAAATC,
CAAATG,
CAAATT,-0.2234288
CAACAA,0.2688024
CAACAC,0.2824618
CAACAG,
CAACAT,0.1961261
CAACCA,
CAACCC,
CAACCG,
CAACCT,0.1885381
CAACGA,0.2240678
CAACGC,0.5417255
CAACGG,0.5027684
CAACGT,0.4138102
CAACTA,
CAACTC,0.2836014
CAACTG,0.2704928
CAACTT,
CAAGAA,0.9218796
CAAGAC,0.7052329
CAAGAG,0.4113516
CAAGAT,0.6380199
CAAGCA,
CAAGCC,
CAAGCG,0.3529545
CAAGCT,0.2120001
CAAGGA,0.6196707
CAAGGC,0.2089785
CAAGGG,
CAAGGT,
CAAGTA,
CAAGTC,0.3342938
CAAGTG,
CAAGTT,
CAATAA,-0.2863553
CAATAC,
CAATAG,-0.4645749
CAATAT,-0.2684103
CAATCA,
CAATCC,
CAATCG,0.2966517
CAATCT,
CAATGA,0.266039
CAATGC,
CAATGG,
CAATGT,
CAATTA,-0.482755
CAATTC,
CAATTG,
CAATTT,
CACAAA,-0.2109032
CACAAC,
CACAAG,
CACAAT,-0.2170245
CACACA,
CACACC,
CACACG,
CACACT,
CACAGA,
CACAGC,-0.2218039
CACAGG,-0.2349267
CACAGT,-0.1971136
CACATA,-0.5380225
CACATC,
CACATG,
CACATT,
CACCAA,-0.2654097
CACCAC,
CACCAG,-0.2331808
CACCAT,-0.3726996
CACCCA,-0.2675895
CACCCC,-0.1790926
CACCCG,0.1931819
CACCCT,
CACCGA,
CACCGC,
CACCGG,0.3901032
CACCGT,
CACCTA,-0.7371456
CACCTC,
CACCTG,0.1538148
CACCTT,-0.2858324
CACGAA,
CACGAC,
CACGAG,
CACGAT,
CACGCA,
CACGCC,0.2679564
CACGCG,0.2887905
CACGCT,
CACGGA,0.3036449
CACGGC,
CACGGG,0.3435548
CACGGT,
CACGTA,-0.2534751
CACGTC,0.3023175
CACGTG,
CACGTT,
CACTAA,-0.4807125
CACTAC,
CACTAG,-0.5094047
CACTAT,-0.324349
CACTCA,-0.2075391
CACTCC,
CACTCG,
CACTCT,-0.267864
CACTGA,
CACTGC,
CACTGG,
CACTGT,
CACTTA,-0.5624123
CACTTC,
CACTTG,-0.2745293
CACTTT,-0.5511083
CAGAAA,
CAGAAC,0.2000348
CAGAAG,0.3900749
CAGAAT,0.2069617
CAGACA,
CAGACC,
CAGACG,0.4664708
CAGACT,
CAGAGA,0.3491004
CAGAGC,
CAGAGG,
CAGAGT,
CAGATA,-0.3091431
CAGATC,
CAGATG,0.1895281
CAGATT,
CAGCAA,
CAGCAC,
CAGCAG,
CAGCAT,-0.1943516
CAGCCA,-0.4445614
CAGCCC,-0.2419863
CAGCCG,
CAGCCT,-0.3028294
CAGCGA,
CAGCGC,
CAGCGG,0.2624056
CAGCGT,
CAGCTA,-0.3493922
CAGCTC,
CAGCTG,
CAGCTT,-0.3790735
CAGGAA,
CAGGAC,0.2497949
CAGGAG,
CAGGAT,
CAGGCA,-0.2228377
CAGGCC,
CAGGCG,
CAGGCT,-0.2173887
CAGGGA,-0.3276276
CAGGGC,-0.1813988
CAGGGG,-0.227312
CAGGGT,-0.4384419
CAGGTA,-0.6035825
CAGGTC,-0.2826487
CAGGTG,-0.4046809
CAGGTT,-0.4331607
CAGTAA,-0.4559623
CAGTAC,
CAGTAG,-0.5302262
CAGTAT,-0.3633816
CAGTCA,-0.2967279
CAGTCC,
CAGTCG,0.2126679
CAGTCT,
CAGTGA,
CAGTGC,-0.1629265
CAGTGG,
CAGTGT,-0.196112
CAGTTA,-0.3413424
CAGTTC,
CAGTTG,
CAGTTT,-0.2312292
CATAAA,-0.3244818
CATAAC,-0.2376194
CATAAG,
CATAAT,-0.3479324
CATACA,
CATACC,
CATACG,
CATACT,
CATAGA,
CATAGC,
CATAGG,-0.455797
CATAGT,-0.3415585
CATATA,-0.4142714
CATATC,
CATATG,-0.1688401
CATATT,-0.2984891
CATCAA,
CATCAC,
CATCAG,
CATCAT,
CATCCA,0.1245938
CATCCC,
CATCCG,0.1837425
CATCCT,
CATCGA,
CATCGC,0.2315967
CATCGG,0.4196431
CATCGT,
CATCTA,-0.335255
CATCTC,
CATCTG,0.2148392
CATCTT,-0.2552072
CATGAA,0.3730096
CATGAC,0.2736908
CATGAG,
CATGAT,
CATGCA,-0.09499442
CATGCC,
CATGCG,
CATGCT,
CATGGA,0.5237136
CATGGC,
CATGGG,0.1005811
CATGGT,
CATGTA,-0.2276436
CATGTC,
CATGTG,
CATGTT,
CATTAA,-0.3549991
CATTAC,
CATTAG,-0.5139272
CATTAT,-0.4351032
CATTCA,
CATTCC,
CATTCG,0.1860492
CATTCT,
CATTGA,
CATTGC,
CATTGG,
CATTGT,
CATTTA,-0.4035784
CATTTC,
CATTTG,-0.1604287
CATTTT,-0.487612
CCAAAA,-0.5916079
CCAAAC,-0.3599996
CCAAAG,-0.2179654
CCAAAT,-0.4347086
CCAACA,
CCAACC,
CCAACG,0.4081647
CCAACT,
CCAAGA,
CCAAGC,
CCAAGG,
CCAAGT,
CCAATA,-0.6595308
CCAATC,-0.2060575
CCAATG,
CCAATT,-0.4762301
CCACAA,
CCACAC,
CCACAG,-0.2825543
CCACAT,
CCACCA,-0.5970888
CCACCC,-0.3029449
CCACCG,
CCACCT,-0.2468908
CCACGA,0.316781
CCACGC,
CCACGG,0.4257856
CCACGT,0.1934247
CCACTA,-0.4479926
CCACTC,
CCACTG,
CCACTT,-0.3857813
CCAGAA,
CCAGAC,-0.2929737
CCAGAG,
CCAGAT,
CCAGCA,-0.8942173
CCAGCC,-0.3607261
CCAGCG,
CCAGCT,-0.364717
CCAGGA,
CCAGGC,
CCAGGG,-0.08095872
CCAGGT,-0.3251988
CCAGTA,-0.6705042
CCAGTC,-0.2188687
CCAGTG,-0.143174
CCAGTT,-0.3264432
CCATAA,-0.5661368
CCATAC,-0.3422504
CCATAG,-0.4968087
CCATAT,-0.4537089
CCATCA,-0.2162697
CCATCC,
CCATCG,0.390682
CCATCT,
CCATGA,
CCATGC,
CCATGG,0.1826293
CCATGT,
CCATTA,-0.770306
CCATTC,
CCATTG,
CCATTT,-0.5900802
CCCAAA,-0.4337969
CCCAAC,
CCCAAG,
CCCAAT,-0.3649478
CCCACA,-0.1499003
CCCACC,-0.4293962
CCCACG,0.3015388
CCCACT,-0.2550355
CCCAGA,-0.2433568
CCCAGC,-0.5413963
CCCAGG,-0.09103682
CCCAGT,-0.3879744
CCCATA,-0.4746373
CCCATC,
CCCATG,
CCCATT,-0.354258
CCCCAA,-0.3592595
CCCCAC,-0.1552233
CCCCAG,-0.4234819
CCCCAT,-0.2605669
CCCCCA,-0.3958102
CCCCCC,-0.1368549
CCCCCG,0.128223
CCCCCT,-0.2167925
CCCCGA,
CCCCGC,0.1965894
CCCCGG,0.1917444
CCCCGT,
CCCCTA,-0.4335825
CCCCTC,
CCCCTG,0.1140457
CCCCTT,-0.3926771
CCCGAA,0.281164
CCCGAC,0.2636574
CCCGAG,0.3196451
CCCGAT,
CCCGCA,
CCCGCC,
CCCGCG,0.5710731
CCCGCT,0.2698422
CCCGGA,0.4541291
CCCGGC,
CCCGGG,0.3855314
CCCGGT,0.1148193
CCCGTA,-0.1510401
CCCGTC,0.53342
CCCGTG,0.3225372
CCCGTT,
CCCTAA,-0.4665121
CCCTAC,
CCCTAG,-0.5310645
CCCTAT,-0.3860685
CCCTCA,
CCCTCC,0.1153256
CCCTCG,0.3649421
CCCTCT,
CCCTGA,
CCCTGC,0.3174792
CCCTGG,0.133993
CCCTGT,
CCCTTA,-0.6224595
CCCTTC,
CCCTTG,-0.09212897
CCCTTT,-0.5513669
CCGAAA,
CCGAAC,0.3086368
CCGAAG,0.4553316
CCGAAT,
CCGACA,
CCGACC,0.1929281
CCGACG,0.7859856
CCGACT,
CCGAGA,0.2628752
CCGAGC,0.2160229
CCGAGG,0.3580013
CCGAGT,0.2108467
CCGATA,
CCGATC,
CCGATG,0.2750766
CCGATT,
CCGCAA,
CCGCAC,
CCGCAG,-0.1787507
CCGCAT,
CCGCCA,-0.1191035
CCGCCC,
CCGCCG,0.3868273
CCGCCT,
CCGCGA,0.5834265
CCGCGC,0.4854044
CCGCGG,0.662213
CCGCGT,0.4111695
CCGCTA,
CCGCTC,0.2243451
CCGCTG,0.3368109
CCGCTT,
CCGGAA,0.5244745
CCGGAC,0.2879524
CCGGAG,0.6219637
CCGGAT,0.356536
CCGGCA,-0.2761028
CCGGCC,
CCGGCG,0.6214781
CCGGCT,
CCGGGA,0.5901934
CCGGGC,0.4538234
CCGGGG,0.3583052
CCGGGT,
CCGGTA,
CCGGTC,0.220961
CCGGTG,0.1336585
CCGGTT,
CCGTAA,
CCGTAC,
CCGTAG,-0.3482359
CCGTAT,
CCGTCA,0.3467375
CCGTCC,0.3954179
CCGTCG,0.8574037
CCGTCT,0.3366859
CCGTGA,0.3556284
CCGTGC,0.2045091
CCGTGG,0.4470377
CCGTGT,0.1804038
CCGTTA,-0.2827909
CCGTTC,0.196478
CCGTTG,0.2411381
CCGTTT,
CCTAAA,-0.5621319
CCTAAC,-0.366975
CCTAAG,-0.3801358
CCTAAT,-0.6279897
CCTACA,
CCTACC,
CCTACG,0.3816978
CCTACT,
CCTAGA,-0.4686178
CCTAGC,-0.6078679
CCTAGG,-0.4651497
CCTAGT,-0.516932
CCTATA,-0.5986565
CCTATC,-0.2853767
CCTATG,-0.2005098
CCTATT,-0.5195423
CCTCAA,
CCTCAC,
CCTCAG,
CCTCAT,
CCTCCA,
CCTCCC,
CCTCCG,0.531515
CCTCCT,
CCTCGA,0.3780958
CCTCGC,0.3740053
CCTCGG,0.482998
CCTCGT,0.2844198
CCTCTA,-0.2153886
CCTCTC,
CCTCTG,0.2055791
CCTCTT,-0.3709695
CCTGAA,
CCTGAC,
CCTGAG,
CCTGAT,
CCTGCA,0.3322882
CCTGCC,0.1509248
CCTGCG,0.5840238
CCTGCT,0.4164149
CCTGGA,0.406891
CCTGGC,
CCTGGG,0.2765241
CCTGGT,
CCTGTA,-0.2786258
CCTGTC,
CCTGTG,0.1485828
CCTGTT,
CCTTAA,-0.6291738
CCTTAC,-0.3223601
CCTTAG,-0.773163
CCTTAT,-0.5373892
CCTTCA,
CCTTCC,
CCTTCG,0.4142047
CCTTCT,
CCTTGA,
CCTTGC,
CCTTGG,0.1412827
CCTTGT,-0.2067049
CCTTTA,-0.8812014
CCTTTC,-0.2959779
CCTTTG,-0.241131
CCTTTT,-0.7768053
CGAAAA,
CGAAAC,0.3307519
CGAAAG,
CGAAAT,
CGAACA,
CGAACC,0.4046003
CGAACG,0.6139203
CGAACT,0.3213834
CGAAGA,0.7495637
CGAAGC,0.640487
CGAAGG,0.2735418
CGAAGT,0.3528213
CGAATA,
CGAATC,0.352381
CGAATG,0.206913
CGAATT,
CGACAA,
CGACAC,
CGACAG,
CGACAT,0.2857656
CGACCA,0.5285154
CGACCC,0.2190272
CGACCG,0.5775961
CGACCT,0.287885
CGACGA,0.8051437
CGACGC,0.7396268
CGACGG,0.8246972
CGACGT,0.6444751
CGACTA,
CGACTC,
CGACTG,0.5149766
CGACTT,
CGAGAA,
CGAGAC,
CGAGAG,0.3900875
CGAGAT,0.347876
CGAGCA,
CGAGCC,0.2813223
CGAGCG,0.5313812
CGAGCT,
CGAGGA,0.4707745
CGAGGC,0.4270438
CGAGGG,0.2333983
CGAGGT,
CGAGTA,
CGAGTC,0.3989491
CGAGTG,0.164935
CGAGTT,
CGATAA,
CGATAC,
CGATAG,-0.3718391
CGATAT,
CGATCA,
CGATCC,0.4470052
CGATCG,0.516722
CGATCT,
CGATGA,0.512126
CGATGC,0.2831411
CGATGG,0.4221627
CGATGT,
CGATTA,-0.3932719
CGATTC,
CGATTG,0.1491421
CGATTT,
CGCAAA,
CGCAAC,0.3856329
CGCAAG,
CGCAAT,
CGCACA,
CGCACC,0.2804935
CGCACG,0.6036177
CGCACT,
CGCAGA,
CGCAGC,-0.4024058
CGCAGG,
CGCAGT,
CGCATA,
CGCATC,0.409956
CGCATG,
CGCATT,
CGCCAA,
CGCCAC,
CGCCAG,0.2979793
CGCCAT,
CGCCCA,0.2249677
CGCCCC,
CGCCCG,0.635762
CGCCCT,0.2992474
CGCCGA,0.4502099
CGCCGC,0.352535
CGCCGG,0.745876
CGCCGT,0.4786905
CGCCTA,
CGCCTC,
CGCCTG,0.4454633
CGCCTT,
CGCGAA,0.5424727
CGCGAC,0.7465543
CGCGAG,0.5026515
CGCGAT,0.4908182
CGCGCA,0.3496101
CGCGCC,0.6222879
CGCGCG,0.7253069
CGCGCT,0.39309
CGCGGA,0.7844679
CGCGGC,
CGCGGG,0.6402479
CGCGGT,0.2960094
CGCGTA,
CGCGTC,0.6753553
CGCGTG,0.3574773
CGCGTT,0.3159671
CGCTAA,
CGCTAC,0.3020414
CGCTAG,-0.3992147
CGCTAT,
CGCTCA,
CGCTCC,0.2601889
CGCTCG,0.4865205
CGCTCT,
CGCTGA,0.5446959
CGCTGC,0.4179201
CGCTGG,
CGCTGT,0.247734
CGCTTA,
CGCTTC,0.3968708
CGCTTG,
CGCTTT,
CGGAAA,
CGGAAC,0.6180112
CGGAAG,0.5283788
CGGAAT,0.4872269
CGGACA,
CGGACC,0.4465908
CGGACG,0.8411678
CGGACT,0.4441324
CGGAGA,0.5989419
CGGAGC,0.6180112
CGGAGG,0.3854013
CGGAGT,0.4301796
CGGATA,
CGGATC,0.4390514
CGGATG,0.5727884
CGGATT,0.3722492
CGGCAA,
CGGCAC,
CGGCAG,
CGGCAT,
CGGCCA,0.141877
CGGCCC,
CGGCCG,0.4603811
CGGCCT,
CGGCGA,0.6863137
CGGCGC,0.5946117
CGGCGG,0.7207547
CGGCGT,0.5700015
CGGCTA,
CGGCTC,
CGGCTG,0.2489524
CGGCTT,
CGGGAA,0.3922956
CGGGAC,0.4862352
CGGGAG,0.4960549
CGGGAT,0.4197003
CGGGCA,0.3874509
CGGGCC,0.2416799
CGGGCG,0.3350418
CGGGCT,
CGGGGA,0.3196611
CGGGGC,0.2905977
CGGGGG,0.1023562
CGGGGT,
CGGGTA,
CGGGTC,
CGGGTG,
CGGGTT,
CGGTAA,
CGGTAC,0.3636959
CGGTAG,-0.5298526
CGGTAT,
CGGTCA,
CGGTCC,0.4306372
CGGTCG,0.4829881
CGGTCT,0.2612747
CGGTGA,
CGGTGC,
CGGTGG,
CGGTGT,
CGGTTA,
CGGTTC,0.358077
CGGTTG,
CGGTTT,
CGTAAA,
CGTAAC,
CGTAAG,
CGTAAT,
CGTACA,
CGTACC,0.2767296
CGTACG,0.4078081
CGTACT,
CGTAGA,
CGTAGC,-0.2939523
CGTAGG,-0.4844759
CGTAGT,
CGTATA,
CGTATC,
CGTATG,
CGTATT,
CGTCAA,0.5147938
CGTCAC,0.4007964
CGTCAG,
CGTCAT,0.3671273
CGTCCA,0.64005
CGTCCC,0.2181984
CGTCCG,0.752506
CGTCCT,0.476571
CGTCGA,0.88529
CGTCGC,0.8850268
CGTCGG,0.8439065
CGTCGT,0.6852148
CGTCTA,
CGTCTC,0.3529968
CGTCTG,0.5740363
CGTCTT,
CGTGAA,0.4056348
CGTGAC,0.4877747
CGTGAG,
CGTGAT,0.3106098
CGTGCA,0.1864544
CGTGCC,0.4366111
CGTGCG,0.5378572
CGTGCT,0.1395264
CGTGGA,0.6925386
CGTGGC,0.4357416
CGTGGG,0.3662528
CGTGGT,0.2921238
CGTGTA,
CGTGTC,0.4180381
CGTGTG,
CGTGTT,
CGTTAA,
CGTTAC,
CGTTAG,-0.6255202
CGTTAT,
CGTTCA,
CGTTCC,0.394966
CGTTCG,0.6012628
CGTTCT,
CGTTGA,
CGTTGC,0.1909032
CGTTGG,0.2896416
CGTTGT,
CGTTTA,
CGTTTC,
CGTTTG,
CGTTTT,
CTAAAA,-0.4242855
CTAAAC,-0.4559782
CTAAAG,-0.3636558
CTAAAT,-0.4928219
CTAACA,
CTAACC,-0.2172112
CTAACG,
CTAACT,-0.3713092
CTAAGA,
CTAAGC,-0.2834841
CTAAGG,-0.3766465
CTAAGT,-0.5154289
CTAATA,-0.7048533
CTAATC,
CTAATG,-0.3820881
CTAATT,-0.6815079
CTACAA,
CTACAC,
CTACAG,
CTACAT,
CTACCA,-0.1882587
CTACCC,-0.2111682
CTACCG,0.3559415
CTACCT,
CTACGA,0.3662841
CTACGC,0.445594
CTACGG,0.5025796
CTACGT,0.3481703
CTACTA,
CTACTC,
CTACTG,0.1815462
CTACTT,
CTAGAA,
CTAGAC,-0.3501418
CTAGAG,-0.3147917
CTAGAT,-0.3808466
CTAGCA,-0.8479161
CTAGCC,-0.415492
CTAGCG,
CTAGCT,-0.4412496
CTAGGA,
CTAGGC,-0.456594
CTAGGG,-0.5998939
CTAGGT,-0.664847
CTAGTA,-0.9250611
CTAGTC,-0.3778517
CTAGTG,-0.3872228
CTAGTT,-0.554579
CTATAA,-0.5659033
CTATAC,
CTATAG,-0.6044439
CTATAT,-0.6355286
CTATCA,-0.4561884
CTATCC,
CTATCG,
CTATCT,
CTATGA,
CTATGC,-0.2275094
CTATGG,
CTATGT,-0.3073149
CTATTA,-0.6343778
CTATTC,-0.2923359
CTATTG,-0.3574577
CTATTT,-0.5692382
CTCAAA,-0.4877578
CTCAAC,
CTCAAG,
CTCAAT,
CTCACA,
CTCACC,
CTCACG,
CTCACT,
CTCAGA,
CTCAGC,
CTCAGG,-0.3157252
CTCAGT,
CTCATA,-0.4311774
CTCATC,
CTCATG,
CTCATT,
CTCCAA,
CTCCAC,
CTCCAG,-0.1117276
CTCCAT,
CTCCCA,-0.2245937
CTCCCC,-0.2604449
CTCCCG,0.3776065
CTCCCT,
CTCCGA,0.506568
CTCCGC,0.4581405
CTCCGG,0.5316287
CTCCGT,0.4813397
CTCCTA,
CTCCTC,
CTCCTG,0.4436018
CTCCTT,
CTCGAA,
CTCGAC,0.4914693
CTCGAG,0.3078428
CTCGAT,0.284647
CTCGCA,
CTCGCC,0.4551892
CTCGCG,0.5357378
CTCGCT,
CTCGGA,0.5195737
CTCGGC,0.4317391
CTCGGG,0.3227183
CTCGGT,
CTCGTA,
CTCGTC,0.4855425
CTCGTG,0.2496888
CTCGTT,
CTCTAA,-0.3820447
CTCTAC,
CTCTAG,-0.3869104
CTCTAT,-0.3738407
CTCTCA,
CTCTCC,
CTCTCG,0.264336
CTCTCT,
CTCTGA,
CTCTGC,0.2630738
CTCTGG,
CTCTGT,
CTCTTA,-0.6422702
CTCTTC,
CTCTTG,-0.256686
CTCTTT,-0.3517636
CTGAAA,
CTGAAC,
CTGAAG,0.2662788
CTGAAT,
CTGACA,
CTGACC,0.2637802
CTGACG,0.5215496
CTGACT,
CTGAGA,
CTGAGC,
CTGAGG,
CTGAGT,
CTGATA,
CTGATC,
CTGATG,0.2351029
CTGATT,
CTGCAA,
CTGCAC,0.2597325
CTGCAG,
CTGCAT,
CTGCCA,
CTGCCC,
CTGCCG,0.6191011
CTGCCT,0.3096678
CTGCGA,0.6589683
CTGCGC,0.5853751
CTGCGG,0.5806235
CTGCGT,0.4232327
CTGCTA,
CTGCTC,0.3340737
CTGCTG,0.3333175
CTGCTT,
CTGGAA,
CTGGAC,
CTGGAG,
CTGGAT,0.4339474
CTGGCA,
CTGGCC,
CTGGCG,0.3168502
CTGGCT,
CTGGGA,0.1150972
CTGGGC,
CTGGGG,
CTGGGT,
CTGGTA,-0.3877139
CTGGTC,
CTGGTG,
CTGGTT,
CTGTAA,
CTGTAC,
CTGTAG,-0.5561686
CTGTAT,
CTGTCA,
CTGTCC,0.2141237
CTGTCG,0.5399766
CTGTCT,
CTGTGA,0.272404
CTGTGC,-0.3117242
CTGTGG,0.169306
CTGTGT,-0.1770969
CTGTTA,
CTGTTC,
CTGTTG,
CTGTTT,
CTTAAA,-0.8785963
CTTAAC,-0.4321169
CTTAAG,-0.4269436
CTTAAT,-0.5982035
CTTACA,-0.5640136
CTTACC,
CTTACG,
CTTACT,
CTTAGA,-0.5029868
CTTAGC,-0.5143999
CTTAGG,-0.7271995
CTTAGT,-0.7738787
CTTATA,-0.7906687
CTTATC,
CTTATG,-0.307481
CTTATT,-0.4622082
CTTCAA,
CTTCAC,
CTTCAG,
CTTCAT,
CTTCCA,
CTTCCC,-0.2311275
CTTCCG,0.5083621
CTTCCT,0.2980699
CTTCGA,0.5085689
CTTCGC,0.5709813
CTTCGG,0.5403639
CTTCGT,0.4133421
CTTCTA,-0.3628141
CTTCTC,
CTTCTG,0.3088712
CTTCTT,-0.2789973
CTTGAA,
CTTGAC,
CTTGAG,
CTTGAT,
CTTGCA,-0.191137
CTTGCC,-0.217004
CTTGCG,
CTTGCT,-0.1691734
CTTGGA,
CTTGGC,
CTTGGG,
CTTGGT,
CTTGTA,-0.3645926
CTTGTC,
CTTGTG,
CTTGTT,-0.302193
CTTTAA,-1.050227
CTTTAC,-0.3718479
CTTTAG,-0.8548871
CTTTAT,-0.752508
CTTTCA,-0.5610123
CTTTCC,-0.2378266
CTTTCG,
CTTTCT,
CTTTGA,
CTTTGC,-0.2564105
CTTTGG,
CTTTGT,-0.3025463
CTTTTA,-1.06101
CTTTTC,-0.4628287
CTTTTG,-0.3220874
CTTTTT,-0.7802369
GAAAAA,
GAAAAC,0.3033684
GAAAAG,
GAAAAT,
GAAACA,
GAAACC,0.3403585
GAAACG,0.4679999
GAAACT,0.3832463
GAAAGA,0.3459154
GAAAGC,0.2976578
GAAAGG,-0.1414715
GAAAGT,
GAAATA,
GAAATC,0.4255875
GAAATG,
GAAATT,
GAACAA,0.4673771
GAACAC,0.4174632
GAACAG,
GAACAT,0.3607947
GAACCA,0.3629626
GAACCC,
GAACCG,0.5849293
GAACCT,0.5663388
GAACGA,0.6420264
GAACGC,0.7028765
GAACGG,0.441263
GAACGT,0.5075166
GAACTA,
GAACTC,0.3482881
GAACTG,0.4772429
GAACTT,0.2973964
GAAGAA,0.8450014
GAAGAC,0.9642111
GAAGAG,0.4897841
GAAGAT,0.9918227
GAAGCA,0.3565375
GAAGCC,0.598016
GAAGCG,0.5558995
GAAGCT,0.4759604
GAAGGA,0.5652084
GAAGGC,0.5530463
GAAGGG,
GAAGGT,
GAAGTA,
GAAGTC,0.6141558
GAAGTG,0.2467218
GAAGTT,0.4675232
GAATAA,
GAATAC,0.4057476
GAATAG,-0.3345373
GAATAT,
GAATCA,
GAATCC,0.469506
GAATCG,0.5856443
GAATCT,0.3543119
GAATGA,
GAATGC,0.1970084
GAATGG,
GAATGT,
GAATTA,
GAATTC,0.3498776
GAATTG,0.1422061
GAATTT,
GACAAA,
GACAAC,0.5128364
GACAAG,0.2876244
GACAAT,
GACACA,
GACACC,
GACACG,0.4931685
GACACT,0.2805696
GACAGA,0.4136507
GACAGC,
GACAGG,-0.2238923
GACAGT,
GACATA,
GACATC,0.6822123
GACATG,0.2621202
GACATT,0.2445326
GACCAA,0.4124191
GACCAC,
GACCAG,0.3380484
GACCAT,0.3802909
GACCCA,
GACCCC,
GACCCG,0.6254947
GACCCT,0.5453173
GACCGA,0.5983833
GACCGC,0.3419887
GACCGG,0.6468517
GACCGT,0.536308
GACCTA,
GACCTC,0.3844357
GACCTG,0.6638958
GACCTT,0.4380167
GACGAA,0.7183826
GACGAC,0.8458776
GACGAG,0.5291102
GACGAT,0.7601566
GACGCA,0.5138682
GACGCC,0.6625746
GACGCG,0.8213622
GACGCT,0.5437442
GACGGA,0.8727113
GACGGC,0.7244827
GACGGG,0.4704417
GACGGT,0.4054119
GACGTA,0.3724707
GACGTC,0.9835801
GACGTG,0.4874391
GACGTT,0.5916505
GACTAA,
GACTAC,0.4144607
GACTAG,-0.3039822
GACTAT,
GACTCA,
GACTCC,0.1978258
GACTCG,0.5024638
GACTCT,0.396927
GACTGA,0.4723033
GACTGC,0.5151228
GACTGG,0.1988621
GACTGT,0.3233277
GACTTA,
GACTTC,0.44478
GACTTG,0.1684627
GACTTT,
GAGAAA,0.3023493
GAGAAC,0.5043588
GAGAAG,0.244771
GAGAAT,0.3091227
GAGACA,
GAGACC,0.4798256
GAGACG,0.5283475
GAGACT,0.4901178
GAGAGA,0.3546902
GAGAGC,0.4617352
GAGAGG,
GAGAGT,0.2471067
GAGATA,
GAGATC,0.477042
GAGATG,0.3266078
GAGATT,0.2368104
GAGCAA,
GAGCAC,
GAGCAG,
GAGCAT,
GAGCCA,0.2985125
GAGCCC,
GAGCCG,0.3669915
GAGCCT,
GAGCGA,0.4827715
GAGCGC,0.5354434
GAGCGG,0.2523023
GAGCGT,0.3048326
GAGCTA,-0.2939523
GAGCTC,
GAGCTG,0.2702733
GAGCTT,
GAGGAA,0.4097251
GAGGAC,0.6264013
GAGGAG,0.2468684
GAGGAT,0.5305879
GAGGCA,
GAGGCC,0.3799677
GAGGCG,0.3320033
GAGGCT,
GAGGGA,
GAGGGC,-0.08415491
GAGGGG,-0.1442115
GAGGGT,-0.3400668
GAGGTA,-0.2868709
GAGGTC,0.26204
GAGGTG,
GAGGTT,-0.2501174
GAGTAA,
GAGTAC,0.275875
GAGTAG,-0.3444046
GAGTAT,
GAGTCA,
GAGTCC,0.4540872
GAGTCG,0.4000254
GAGTCT,0.270893
GAGTGA,
GAGTGC,
GAGTGG,
GAGTGT,
GAGTTA,-0.1790183
GAGTTC,0.2097033
GAGTTG,0.1315191
GAGTTT,
GATAAA,
GATAAC,
GATAAG,
GATAAT,
GATACA,
GATACC,0.2322145
GATACG,0.3893478
GATACT,0.2249888
GATAGA,
GATAGC,
GATAGG,-0.6881314
GATAGT,-0.235102
GATATA,
GATATC,
GATATG,
GATATT,
GATCAA,
GATCAC,
GATCAG,-0.2234711
GATCAT,0.2980637
GATCCA,0.3997372
GATCCC,
GATCCG,0.4875437
GATCCT,0.2747541
GATCGA,0.5179477
GATCGC,0.3919125
GATCGG,0.4430412
GATCGT,0.4575606
GATCTA,
GATCTC,
GATCTG,0.3848529
GATCTT,
GATGAA,0.5095577
GATGAC,0.6427678
GATGAG,
GATGAT,0.4563689
GATGCA,0.2046396
GATGCC,0.5458714
GATGCG,0.5403598
GATGCT,0.2615407
GATGGA,0.6639634
GATGGC,0.5761243
GATGGG,0.1305538
GATGGT,
GATGTA,
GATGTC,0.5214907
GATGTG,
GATGTT,0.2890545
GATTAA,-0.2966463
GATTAC,
GATTAG,-0.4955596
GATTAT,
GATTCA,
GATTCC,0.2234428
GATTCG,0.5183849
GATTCT,0.2733717
GATTGA,0.2843378
GATTGC,0.122967
GATTGG,
GATTGT,
GATTTA,
GATTTC,
GATTTG,
GATTTT,
GCAAAA,
GCAAAC,0.2508932
GCAAAG,
GCAAAT,
GCAACA,0.3059169
GCAACC,0.105704
GCAACG,0.391648
GCAACT,0.2482765
GCAAGA,0.8911302
GCAAGC,0.1954641
GCAAGG,
GCAAGT,0.2451104
GCAATA,-0.1784496
GCAATC,0.2473979
GCAATG,0.1066783
GCAATT,
GCACAA,
GCACAC,
GCACAG,
GCACAT,-0.1661612
GCACCA,-0.1160327
GCACCC,-0.1166585
GCACCG,
GCACCT,-0.2456323
GCACGA,
GCACGC,
GCACGG,0.1644473
GCACGT,
GCACTA,-0.3306583
GCACTC,-0.1830081
GCACTG,
GCACTT,-0.3918036
GCAGAA,0.3426264
GCAGAC,0.2708983
GCAGAG,
GCAGAT,
GCAGCA,0.1198829
GCAGCC,-0.3202723
GCAGCG,0.2041404
GCAGCT,-0.1129522
GCAGGA,0.1197625
GCAGGC,
GCAGGG,-0.2718298
GCAGGT,-0.475374
GCAGTA,-0.2969601
GCAGTC,
GCAGTG,
GCAGTT,
GCATAA,-0.1533423
GCATAC,
GCATAG,-0.1614357
GCATAT,
GCATCA,
GCATCC,
GCATCG,
GCATCT,-0.1385407
GCATGA,0.2527039
GCATGC,
GCATGG,0.09735456
GCATGT,
GCATTA,-0.2613066
GCATTC,
GCATTG,
GCATTT,-0.1785775
GCCAAA,-0.4375819
GCCAAC,
GCCAAG,
GCCAAT,
GCCACA,
GCCACC,-0.3111155
GCCACG,
GCCACT,
GCCAGA,0.07223214
GCCAGC,-0.2939509
GCCAGG,-0.3198387
GCCAGT,-0.2270462
GCCATA,-0.3950934
GCCATC,
GCCATG,
GCCATT,-0.3181396
GCCCAA,-0.363458
GCCCAC,
GCCCAG,
GCCCAT,
GCCCCA,-0.2375289
GCCCCC,-0.2120468
GCCCCG,
GCCCCT,
GCCCGA,
GCCCGC,
GCCCGG,0.3372202
GCCCGT,
GCCCTA,-0.4248816
GCCCTC,
GCCCTG,
GCCCTT,-0.246733
GCCGAA,
GCCGAC,0.4353015
GCCGAG,
GCCGAT,
GCCGCA,
GCCGCC,
GCCGCG,0.4865427
GCCGCT,
GCCGGA,0.4278135
GCCGGC,
GCCGGG,0.4090817
GCCGGT,
GCCGTA,
GCCGTC,0.4845777
GCCGTG,0.2149793
GCCGTT,
GCCTAA,-0.6474074
GCCTAC,
GCCTAG,-0.5830779
GCCTAT,-0.310179
GCCTCA,
GCCTCC,
GCCTCG,0.2771852
GCCTCT,
GCCTGA,
GCCTGC,0.2603486
GCCTGG,0.1741378
GCCTGT,
GCCTTA,-0.4809171
GCCTTC,
GCCTTG,
GCCTTT,-0.4052289
GCGAAA,
GCGAAC,0.4778662
GCGAAG,0.3582206
GCGAAT,
GCGACA,
GCGACC,0.595254
GCGACG,0.7180181
GCGACT,0.433965
GCGAGA,0.3534586
GCGAGC,0.331274
GCGAGG,
GCGAGT,
GCGATA,
GCGATC,0.474275
GCGATG,0.3195329
GCGATT,
GCGCAA,
GCGCAC,0.3753105
GCGCAG,
GCGCAT,
GCGCCA,0.4337091
GCGCCC,0.2890333
GCGCCG,0.536165
GCGCCT,0.2983021
GCGCGA,0.506171
GCGCGC,0.5564609
GCGCGG,0.4617311
GCGCGT,0.2850504
GCGCTA,
GCGCTC,
GCGCTG,0.2505809
GCGCTT,
GCGGAA,0.4607575
GCGGAC,0.7250126
GCGGAG,0.345684
GCGGAT,0.5408841
GCGGCA,
GCGGCC,
GCGGCG,0.5550892
GCGGCT,
GCGGGA,0.4606491
GCGGGC,0.289323
GCGGGG,0.1784746
GCGGGT,
GCGGTA,
GCGGTC,0.3588851
GCGGTG,
GCGGTT,
GCGTAA,
GCGTAC,
GCGTAG,-0.4284431
GCGTAT,
GCGTCA,
GCGTCC,0.6175627
GCGTCG,0.6756414
GCGTCT,0.3021155
GCGTGA,
GCGTGC,0.1282423
GCGTGG,0.2873174
GCGTGT,
GCGTTA,
GCGTTC,0.4471348
GCGTTG,0.1492999
GCGTTT,
GCTAAA,
GCTAAC,
GCTAAG,-0.4156681
GCTAAT,-0.3214763
GCTACA,
GCTACC,
GCTACG,0.3511181
GCTACT,
GCTAGA,
GCTAGC,-0.4483143
GCTAGG,-0.7638746
GCTAGT,-0.473966
GCTATA,-0.5337969
GCTATC,
GCTATG,-0.2508867
GCTATT,-0.3497434
GCTCAA,
GCTCAC,
GCTCAG,-0.3431652
GCTCAT,
GCTCCA,
GCTCCC,
GCTCCG,0.2831437
GCTCCT,
GCTCGA,
GCTCGC,
GCTCGG,0.1502836
GCTCGT,
GCTCTA,-0.3492951
GCTCTC,
GCTCTG,
GCTCTT,-0.2576013
GCTGAA,
GCTGAC,0.4879334
GCTGAG,
GCTGAT,
GCTGCA,0.1148619
GCTGCC,0.1788558
GCTGCG,0.4455959
GCTGCT,0.3367101
GCTGGA,
GCTGGC,
GCTGGG,-0.2157108
GCTGGT,
GCTGTA,
GCTGTC,0.465974
GCTGTG,
GCTGTT,
GCTTAA,-0.5081652
GCTTAC,
GCTTAG,-0.6059585
GCTTAT,-0.3692872
GCTTCA,
GCTTCC,
GCTTCG,0.4124191
GCTTCT,
GCTTGA,
GCTTGC,-0.2363652
GCTTGG,
GCTTGT,
GCTTTA,-0.7951166
GCTTTC,
GCTTTG,-0.241031
GCTTTT,-0.3294369
GGAAAA,
GGAAAC,0.4553316
GGAAAG,
GGAAAT,0.1762554
GGAACA,0.415167
GGAACC,0.5928773
GGAACG,0.5218257
GGAACT,0.4275472
GGAAGA,0.6505002
GGAAGC,0.4862299
GGAAGG,
GGAAGT,0.2486836
GGAATA,
GGAATC,0.4845909
GGAATG,0.2083129
GGAATT,0.2419146
GGACAA,0.4660321
GGACAC,0.5161265
GGACAG,
GGACAT,0.4522676
GGACCA,0.3635734
GGACCC,0.371695
GGACCG,0.6360591
GGACCT,0.6750214
GGACGA,0.6973942
GGACGC,0.7614005
GGACGG,0.3956923
GGACGT,0.6418263
GGACTA,0.2120173
GGACTC,0.3571127
GGACTG,0.4788621
GGACTT,0.3382237
GGAGAA,0.3456548
GGAGAC,0.5550681
GGAGAG,
GGAGAT,0.3363555
GGAGCA,0.1929558
GGAGCC,0.5066915
GGAGCG,0.339415
GGAGCT,
GGAGGA,0.4092621
GGAGGC,0.3612102
GGAGGG,-0.1431284
GGAGGT,
GGAGTA,
GGAGTC,0.5157016
GGAGTG,
GGAGTT,
GGATAA,
GGATAC,0.4263152
GGATAG,-0.3756606
GGATAT,
GGATCA,0.1938536
GGATCC,0.4454429
GGATCG,0.3880434
GGATCT,
GGATGA,0.3909258
GGATGC,0.4169906
GGATGG,
GGATGT,0.2291347
GGATTA,
GGATTC,0.4635873
GGATTG,0.2439838
GGATTT,
GGCAAA,0.1276528
GGCAAC,0.2828099
GGCAAG,0.3975776
GGCAAT,0.1121597
GGCACA,-0.08580896
GGCACC,-0.170698
GGCACG,
GGCACT,-0.2508494
GGCAGA,0.2095575
GGCAGC,
GGCAGG,-0.2286848
GGCAGT,-0.1071623
GGCATA,
GGCATC,
GGCATG,0.07381293
GGCATT,-0.08175793
GGCCAA,
GGCCAC,
GGCCAG,
GGCCAT,
GGCCCA,
GGCCCC,
GGCCCG,
GGCCCT,
GGCCGA,0.2040404
GGCCGC,0.2020143
GGCCGG,0.1290163
GGCCGT,
GGCCTA,-0.2596506
GGCCTC,
GGCCTG,0.1276935
GGCCTT,
GGCGAA,0.4052909
GGCGAC,0.608275
GGCGAG,0.1689449
GGCGAT,0.3163734
GGCGCA,0.2987608
GGCGCC,0.479504
GGCGCG,0.4553542
GGCGCT,0.1877356
GGCGGA,0.4989063
GGCGGC,0.3016901
GGCGGG,0.1478141
GGCGGT,
GGCGTA,
GGCGTC,0.6127064
GGCGTG,0.1882744
GGCGTT,0.2784671
GGCTAA,-0.2568536
GGCTAC,
GGCTAG,-0.5187028
GGCTAT,-0.2226815
GGCTCA,-0.282407
GGCTCC,
GGCTCG,
GGCTCT,-0.2216527
GGCTGA,0.1921961
GGCTGC,0.1507799
GGCTGG,-0.2213704
GGCTGT,0.1685929
GGCTTA,-0.2946657
GGCTTC,0.2506381
GGCTTG,-0.1931265
GGCTTT,-0.2341076
GGGAAA,-0.2176601
GGGAAC,0.2113931
GGGAAG,
GGGAAT,
GGGACA,
GGGACC,0.2917486
GGGACG,0.2659039
GGGACT,
GGGAGA,
GGGAGC,0.1943353
GGGAGG,-0.4607316
GGGAGT,
GGGATA,
GGGATC,
GGGATG,
GGGATT,
GGGCAA,-0.2707008
GGGCAC,
GGGCAG,-0.3669151
GGGCAT,-0.1898655
GGGCCA,
GGGCCC,
GGGCCG,
GGGCCT,
GGGCGA,
GGGCGC,0.1893879
GGGCGG,-0.2131604
GGGCGT,
GGGCTA,-0.444395
GGGCTC,-0.2363283
GGGCTG,
GGGCTT,-0.3500197
GGGGAA,-0.3370361
GGGGAC,
GGGGAG,-0.07299208
GGGGAT,-0.2381419
GGGGCA,-0.0801007
GGGGCC,-0.206116
GGGGCG,-0.2365715
GGGGCT,-0.400381
GGGGGA,-0.2323891
GGGGGC,-0.2769371
GGGGGG,-0.3581648
GGGGGT,-0.6540825
GGGGTA,-0.5935027
GGGGTC,-0.3486002
GGGGTG,-0.4574664
GGGGTT,-0.5426921
GGGTAA,-0.7098053
GGGTAC,-0.2969108
GGGTAG,-0.7862132
GGGTAT,-0.5081703
GGGTCA,-0.4322399
GGGTCC,
GGGTCG,
GGGTCT,-0.3466623
GGGTGA,-0.3608284
GGGTGC,-0.2476317
GGGTGG,-0.6425664
GGGTGT,-0.3920416
GGGTTA,-0.7370508
GGGTTC,
GGGTTG,-0.4718773
GGGTTT,-0.5809234
GGTAAA,-0.5884611
GGTAAC,-0.3299641
GGTAAG,-0.7699405
GGTAAT,-0.4894608
GGTACA,-0.3589291
GGTACC,
GGTACG,
GGTACT,-0.2149649
GGTAGA,-0.5296537
GGTAGC,-0.5322597
GGTAGG,-0.8175478
GGTAGT,-0.6115462
GGTATA,-0.5402894
GGTATC,
GGTATG,-0.3174294
GGTATT,-0.4740817
GGTCAA,
GGTCAC,
GGTCAG,-0.3506425
GGTCAT,
GGTCCA,
GGTCCC,
GGTCCG,
GGTCCT,
GGTCGA,
GGTCGC,0.2113324
GGTCGG,
GGTCGT,
GGTCTA,-0.304818
GGTCTC,
GGTCTG,
GGTCTT,-0.1794954
GGTGAA,
GGTGAC,0.2003753
GGTGAG,-0.415733
GGTGAT,
GGTGCA,-0.1504311
GGTGCC,
GGTGCG,
GGTGCT,-0.1890471
GGTGGA,
GGTGGC,-0.349966
GGTGGG,-0.3591698
GGTGGT,-0.4543433
GGTGTA,-0.244215
GGTGTC,
GGTGTG,-0.2171786
GGTGTT,
GGTTAA,-0.5692269
GGTTAC,-0.2254623
GGTTAG,-0.7810416
GGTTAT,-0.4339822
GGTTCA,-0.2610664
GGTTCC,
GGTTCG,
GGTTCT,
GGTTGA,-0.2044
GGTTGC,-0.2364381
GGTTGG,-0.3242283
GGTTGT,-0.4268883
GGTTTA,-0.699584
GGTTTC,
GGTTTG,-0.3230716
GGTTTT,-0.3709494
GTAAAA,-0.5037778
GTAAAC,-0.3189717
GTAAAG,-0.374197
GTAAAT,-0.4504181
GTAACA,-0.4658306
GTAACC,
GTAACG,
GTAACT,-0.3257188
GTAAGA,-0.374234
GTAAGC,-0.4247654
GTAAGG,-0.5489032
GTAAGT,-0.5691112
GTAATA,-0.5381843
GTAATC,-0.2641615
GTAATG,-0.3128016
GTAATT,-0.5889887
GTACAA,-0.3381342
GTACAC,
GTACAG,-0.3225727
GTACAT,-0.2485444
GTACCA,
GTACCC,
GTACCG,0.2408145
GTACCT,
GTACGA,
GTACGC,
GTACGG,0.1623336
GTACGT,
GTACTA,-0.478685
GTACTC,
GTACTG,
GTACTT,-0.3377787
GTAGAA,-0.3565305
GTAGAC,
GTAGAG,-0.3930259
GTAGAT,-0.4547082
GTAGCA,-0.4655228
GTAGCC,-0.537116
GTAGCG,
GTAGCT,-0.4710106
GTAGGA,-0.3508346
GTAGGC,-0.5662357
GTAGGG,-0.7328559
GTAGGT,-0.7093979
GTAGTA,-0.6656498
GTAGTC,-0.3480546
GTAGTG,-0.3901906
GTAGTT,-0.6577259
GTATAA,-0.6424043
GTATAC,
GTATAG,-0.7147844
GTATAT,-0.3834923
GTATCA,-0.292028
GTATCC,
GTATCG,
GTATCT,-0.2490687
GTATGA,
GTATGC,-0.1440129
GTATGG,-0.2141879
GTATGT,-0.3352523
GTATTA,-0.7545524
GTATTC,
GTATTG,-0.2714115
GTATTT,-0.4772551
GTCAAA,
GTCAAC,
GTCAAG,
GTCAAT,
GTCACA,
GTCACC,
GTCACG,
GTCACT,
GTCAGA,
GTCAGC,-0.2508563
GTCAGG,-0.467466
GTCAGT,-0.3080816
GTCATA,
GTCATC,0.352468
GTCATG,
GTCATT,
GTCCAA,
GTCCAC,
GTCCAG,0.2486918
GTCCAT,
GTCCCA,-0.1240764
GTCCCC,-0.2154462
GTCCCG,0.2597387
GTCCCT,
GTCCGA,
GTCCGC,
GTCCGG,0.4218921
GTCCGT,
GTCCTA,
GTCCTC,
GTCCTG,0.4004026
GTCCTT,
GTCGAA,
GTCGAC,0.6856269
GTCGAG,
GTCGAT,
GTCGCA,
GTCGCC,0.4412483
GTCGCG,0.4973156
GTCGCT,
GTCGGA,0.3941768
GTCGGC,0.4404234
GTCGGG,0.3121421
GTCGGT,
GTCGTA,
GTCGTC,0.7739944
GTCGTG,0.2634822
GTCGTT,
GTCTAA,-0.4180311
GTCTAC,
GTCTAG,-0.5521891
GTCTAT,
GTCTCA,
GTCTCC,
GTCTCG,0.2262758
GTCTCT,
GTCTGA,
GTCTGC,0.3078484
GTCTGG,
GTCTGT,
GTCTTA,-0.3862417
GTCTTC,0.324798
GTCTTG,
GTCTTT,-0.2427766
GTGAAA,0.2365131
GTGAAC,0.3617762
GTGAAG,0.5613287
GTGAAT,0.1989778
GTGACA,0.1191889
GTGACC,0.3352137
GTGACG,0.5840583
GTGACT,0.2214593
GTGAGA,0.3626888
GTGAGC,
GTGAGG,
GTGAGT,
GTGATA,-0.1648922
GTGATC,0.2489349
GTGATG,0.2345816
GTGATT,
GTGCAA,-0.4477087
GTGCAC,-0.06638825
GTGCAG,-0.3783242
GTGCAT,-0.4411969
GTGCCA,-0.1848397
GTGCCC,-0.378279
GTGCCG,
GTGCCT,-0.4218105
GTGCGA,
GTGCGC,
GTGCGG,
GTGCGT,-0.1722512
GTGCTA,-0.5250254
GTGCTC,-0.09222307
GTGCTG,
GTGCTT,-0.4163644
GTGGAA,0.5870258
GTGGAC,0.6217303
GTGGAG,0.5116047
GTGGAT,0.3893325
GTGGCA,
GTGGCC,
GTGGCG,0.3082903
GTGGCT,
GTGGGA,0.1528395
GTGGGC,-0.139793
GTGGGG,-0.2142306
GTGGGT,-0.3372998
GTGGTA,-0.2233066
GTGGTC,
GTGGTG,
GTGGTT,-0.1578562
GTGTAA,-0.3352339
GTGTAC,
GTGTAG,-0.5039987
GTGTAT,-0.2951791
GTGTCA,-0.2457155
GTGTCC,
GTGTCG,0.1882745
GTGTCT,
GTGTGA,0.1248205
GTGTGC,-0.1742305
GTGTGG,
GTGTGT,-0.1587639
GTGTTA,-0.4356895
GTGTTC,
GTGTTG,-0.1110658
GTGTTT,-0.2666725
GTTAAA,-0.2315323
GTTAAC,
GTTAAG,-0.3902442
GTTAAT,-0.2869921
GTTACA,
GTTACC,0.2576608
GTTACG,0.2258304
GTTACT,
GTTAGA,-0.5513582
GTTAGC,-0.483468
GTTAGG,-0.83122
GTTAGT,-0.7066043
GTTATA,-0.3139591
GTTATC,0.1487361
GTTATG,-0.1474199
GTTATT,-0.2544335
GTTCAA,0.2236075
GTTCAC,0.27541
GTTCAG,
GTTCAT,0.1622252
GTTCCA,0.146334
GTTCCC,-0.3845562
GTTCCG,0.212091
GTTCCT,
GTTCGA,0.507506
GTTCGC,0.5889463
GTTCGG,0.3536115
GTTCGT,0.4275736
GTTCTA,
GTTCTC,0.2464807
GTTCTG,0.1650662
GTTCTT,
GTTGAA,0.1746702
GTTGAC,0.3616771
GTTGAG,-0.2181535
GTTGAT,
GTTGCA,
GTTGCC,0.3376272
GTTGCG,0.3659059
GTTGCT,
GTTGGA,0.1752308
GTTGGC,0.1795246
GTTGGG,-0.1820489
GTTGGT,-0.157549
GTTGTA,-0.1574095
GTTGTC,0.2666593
GTTGTG,-0.1093993
GTTGTT,
GTTTAA,-0.295839
GTTTAC,
GTTTAG,-0.621758
GTTTAT,-0.2439665
GTTTCA,
GTTTCC,0.1799836
GTTTCG,0.3674771
GTTTCT,
GTTTGA,
GTTTGC,
GTTTGG,-0.1999093
GTTTGT,
GTTTTA,-0.3115475
GTTTTC,0.1420678
GTTTTG,-0.1963748
GTTTTT,-0.2564654
TAAAAA,-0.3648149
TAAAAC,-0.3800069
TAAAAG,-0.3095521
TAAAAT,-0.6163362
TAAACA,
TAAACC,-0.306441
TAAACG,
TAAACT,-0.3509983
TAAAGA,
TAAAGC,
TAAAGG,-0.4074344
TAAAGT,-0.2989551
TAAATA,-0.6012522
TAAATC,-0.2978009
TAAATG,-0.4860102
TAAATT,-0.6315252
TAACAA,
TAACAC,
TAACAG,-0.4357156
TAACAT,
TAACCA,-0.2329385
TAACCC,-0.4417706
TAACCG,0.2860011
TAACCT,
TAACGA,
TAACGC,
TAACGG,
TAACGT,
TAACTA,-0.4399591
TAACTC,
TAACTG,-0.2350015
TAACTT,-0.4573807
TAAGAA,
TAAGAC,
TAAGAG,-0.3624784
TAAGAT,
TAAGCA,-0.402387
TAAGCC,-0.2862055
TAAGCG,
TAAGCT,-0.367718
TAAGGA,
TAAGGC,-0.371617
TAAGGG,-0.4658996
TAAGGT,-0.4683309
TAAGTA,-0.6666142
TAAGTC,
TAAGTG,-0.4611752
TAAGTT,-0.4931751
TAATAA,-0.4909815
TAATAC,-0.2989555
TAATAG,-0.6465966
TAATAT,-0.5387423
TAATCA,
TAATCC,-0.2664879
TAATCG,
TAATCT,
TAATGA,
TAATGC,-0.3977952
TAATGG,-0.2995436
TAATGT,-0.3402835
TAATTA,-0.6416032
TAATTC,-0.4825336
TAATTG,-0.5630721
TAATTT,-0.3887943
TACAAA,
TACAAC,
TACAAG,
TACAAT,-0.2569202
TACACA,
TACACC,
TACACG,0.2986587
TACACT,
TACAGA,
TACAGC,
TACAGG,-0.3027554
TACAGT,-0.2653389
TACATA,
TACATC,0.313972
TACATG,-0.1898322
TACATT,-0.3024874
TACCAA,
TACCAC,
TACCAG,-0.08058721
TACCAT,
TACCCA,-0.1922924
TACCCC,-0.1479595
TACCCG,0.3019554
TACCCT,-0.07702677
TACCGA,0.4390939
TACCGC,
TACCGG,0.4497389
TACCGT,
TACCTA,
TACCTC,
TACCTG,0.3366111
TACCTT,
TACGAA,
TACGAC,0.541732
TACGAG,
TACGAT,
TACGCA,
TACGCC,0.3543222
TACGCG,0.5461582
TACGCT,
TACGGA,0.4253101
TACGGC,0.3906361
TACGGG,0.2300758
TACGGT,
TACGTA,
TACGTC,0.5007829
TACGTG,
TACGTT,
TACTAA,
TACTAC,
TACTAG,-0.5207274
TACTAT,-0.2487958
TACTCA,
TACTCC,
TACTCG,0.2682805
TACTCT,
TACTGA,
TACTGC,0.1314442
TACTGG,
TACTGT,
TACTTA,-0.4745298
TACTTC,
TACTTG,-0.2546198
TACTTT,-0.3572387
TAGAAA,-0.4567442
TAGAAC,
TAGAAG,-0.3343962
TAGAAT,-0.4187604
TAGACA,-0.5863567
TAGACC,-0.251881
TAGACG,
TAGACT,
TAGAGA,-0.4240632
TAGAGC,
TAGAGG,-0.4516422
TAGAGT,-0.4058085
TAGATA,-0.8609218
TAGATC,
TAGATG,-0.3284291
TAGATT,-0.5495749
TAGCAA,-0.5448941
TAGCAC,-0.4513599
TAGCAG,-0.6444772
TAGCAT,-0.4991212
TAGCCA,-0.5606408
TAGCCC,-0.5988206
TAGCCG,
TAGCCT,-0.265751
TAGCGA,
TAGCGC,
TAGCGG,-0.1792763
TAGCGT,-0.3439336
TAGCTA,-0.811678
TAGCTC,-0.4359655
TAGCTG,-0.3059672
TAGCTT,-0.6913396
TAGGAA,-0.6003629
TAGGAC,
TAGGAG,-0.4635623
TAGGAT,-0.343286
TAGGCA,-0.8352439
TAGGCC,-0.5165316
TAGGCG,-0.3873225
TAGGCT,-0.6085061
TAGGGA,-0.8377606
TAGGGC,-0.6352132
TAGGGG,-0.6588326
TAGGGT,-0.8220952
TAGGTA,-0.996537
TAGGTC,-0.7232248
TAGGTG,-0.5944942
TAGGTT,-0.7964857
TAGTAA,-0.812345
TAGTAC,-0.5568115
TAGTAG,-0.9382504
TAGTAT,-0.7231896
TAGTCA,-0.6841775
TAGTCC,-0.4467431
TAGTCG,
TAGTCT,-0.3694842
TAGTGA,-0.5779086
TAGTGC,-0.3519191
TAGTGG,-0.5890117
TAGTGT,-0.579482
TAGTTA,-0.8932694
TAGTTC,-0.5091658
TAGTTG,-0.6920337
TAGTTT,-0.67774
TATAAA,-0.503876
TATAAC,-0.3278969
TATAAG,-0.5175483
TATAAT,-0.5945534
TATACA,
TATACC,-0.224014
TATACG,
TATACT,
TATAGA,-0.4467398
TATAGC,-0.4013282
TATAGG,-0.7712027
TATAGT,-0.5509289
TATATA,-0.5856898
TATATC,
TATATG,-0.4431525
TATATT,-0.7157716
TATCAA,
TATCAC,
TATCAG,-0.3794336
TATCAT,
TATCCA,
TATCCC,-0.3292319
TATCCG,0.4257053
TATCCT,
TATCGA,
TATCGC,
TATCGG,0.2153413
TATCGT,
TATCTA,
TATCTC,
TATCTG,
TATCTT,-0.2873572
TATGAA,
TATGAC,
TATGAG,-0.2940098
TATGAT,
TATGCA,-0.2989395
TATGCC,
TATGCG,
TATGCT,-0.2103499
TATGGA,
TATGGC,
TATGGG,-0.216638
TATGGT,-0.2713439
TATGTA,-0.546228
TATGTC,
TATGTG,-0.2527378
TATGTT,-0.3006035
TATTAA,-0.6020303
TATTAC,-0.3555299
TATTAG,-0.7812966
TATTAT,-0.4336551
TATTCA,
TATTCC,-0.3293355
TATTCG,
TATTCT,
TATTGA,
TATTGC,-0.3583892
TATTGG,-0.2556222
TATTGT,-0.3607711
TATTTA,-0.6741731
TATTTC,-0.4069471
TATTTG,-0.4211202
TATTTT,-0.5635865
TCAAAA,
TCAAAC,
TCAAAG,
TCAAAT,
TCAACA,
TCAACC,0.2221696
TCAACG,0.6432388
TCAACT,0.274992
TCAAGA,0.4643272
TCAAGC,0.3563066
TCAAGG,
TCAAGT,
TCAATA,
TCAATC,
TCAATG,
TCAATT,
TCACAA,
TCACAC,
TCACAG,-0.2527402
TCACAT,
TCACCA,-0.1463421
TCACCC,
TCACCG,0.6513043
TCACCT,0.2699878
TCACGA,
TCACGC,0.4489038
TCACGG,0.2525119
TCACGT,
TCACTA,
TCACTC,
TCACTG,
TCACTT,
TCAGAA,
TCAGAC,
TCAGAG,
TCAGAT,
TCAGCA,
TCAGCC,-0.2412453
TCAGCG,0.3425186
TCAGCT,
TCAGGA,
TCAGGC,
TCAGGG,-0.3698093
TCAGGT,-0.438306
TCAGTA,-0.407278
TCAGTC,
TCAGTG,-0.2669555
TCAGTT,-0.3108473
TCATAA,
TCATAC,
TCATAG,-0.5171362
TCATAT,
TCATCA,
TCATCC,0.2741052
TCATCG,0.7523294
TCATCT,0.3294489
TCATGA,
TCATGC,
TCATGG,
TCATGT,
TCATTA,
TCATTC,
TCATTG,
TCATTT,
TCCAAA,
TCCAAC,
TCCAAG,
TCCAAT,
TCCACA,
TCCACC,-0.2246355
TCCACG,0.5369153
TCCACT,
TCCAGA,0.05335531
TCCAGC,
TCCAGG,
TCCAGT,
TCCATA,
TCCATC,
TCCATG,
TCCATT,-0.2653389
TCCCAA,-0.4435162
TCCCAC,
TCCCAG,-0.2922438
TCCCAT,
TCCCCA,-0.4757354
TCCCCC,-0.392632
TCCCCG,0.3497599
TCCCCT,
TCCCGA,
TCCCGC,
TCCCGG,0.4014601
TCCCGT,
TCCCTA,-0.5662368
TCCCTC,
TCCCTG,0.2467635
TCCCTT,-0.2776432
TCCGAA,
TCCGAC,0.5262606
TCCGAG,0.3080782
TCCGAT,
TCCGCA,
TCCGCC,0.192127
TCCGCG,0.6752654
TCCGCT,
TCCGGA,0.6360694
TCCGGC,0.4802314
TCCGGG,0.5139701
TCCGGT,
TCCGTA,
TCCGTC,0.514407
TCCGTG,0.2737668
TCCGTT,
TCCTAA,
TCCTAC,
TCCTAG,-0.436952
TCCTAT,-0.2934799
TCCTCA,
TCCTCC,
TCCTCG,0.6233399
TCCTCT,
TCCTGA,
TCCTGC,0.4843276
TCCTGG,0.3353836
TCCTGT,
TCCTTA,-0.5266638
TCCTTC,
TCCTTG,
TCCTTT,-0.4217629
TCGAAA,
TCGAAC,0.4768447
TCGAAG,0.2965393
TCGAAT,
TCGACA,0.4275333
TCGACC,0.6498096
TCGACG,0.8750194
TCGACT,0.5416839
TCGAGA,0.4668839
TCGAGC,0.4488269
TCGAGG,0.2555396
TCGAGT,
TCGATA,
TCGATC,0.5816804
TCGATG,0.3368361
TCGATT,
TCGCAA,
TCGCAC,0.5020145
TCGCAG,
TCGCAT,
TCGCCA,0.4218338
TCGCCC,0.3521467
TCGCCG,0.9112848
TCGCCT,0.4920545
TCGCGA,0.660858
TCGCGC,0.6741237
TCGCGG,0.6207399
TCGCGT,0.4361846
TCGCTA,
TCGCTC,0.3558448
TCGCTG,0.3109169
TCGCTT,
TCGGAA,0.4472086
TCGGAC,0.5591277
TCGGAG,0.314672
TCGGAT,0.4949392
TCGGCA,
TCGGCC,0.441411
TCGGCG,0.8629506
TCGGCT,0.2870019
TCGGGA,0.4212587
TCGGGC,0.3498292
TCGGGG,0.2367949
TCGGGT,
TCGGTA,
TCGGTC,0.426582
TCGGTG,
TCGGTT,
TCGTAA,
TCGTAC,0.4715336
TCGTAG,-0.3184418
TCGTAT,
TCGTCA,0.5018993
TCGTCC,0.6503621
TCGTCG,0.9517302
TCGTCT,0.6630788
TCGTGA,0.4347587
TCGTGC,0.2159908
TCGTGG,0.4041195
TCGTGT,0.255152
TCGTTA,
TCGTTC,0.4726882
TCGTTG,0.1889926
TCGTTT,
TCTAAA,
TCTAAC,
TCTAAG,-0.346053
TCTAAT,-0.401864
TCTACA,
TCTACC,
TCTACG,0.6457114
TCTACT,
TCTAGA,
TCTAGC,
TCTAGG,-0.5607809
TCTAGT,-0.4504926
TCTATA,-0.4905368
TCTATC,
TCTATG,-0.240443
TCTATT,-0.4222339
TCTCAA,
TCTCAC,
TCTCAG,
TCTCAT,
TCTCCA,-0.1444587
TCTCCC,
TCTCCG,0.6468889
TCTCCT,0.3618876
TCTCGA,0.3854036
TCTCGC,0.4745355
TCTCGG,0.2829521
TCTCGT,
TCTCTA,
TCTCTC,
TCTCTG,0.1641167
TCTCTT,
TCTGAA,
TCTGAC,0.4167296
TCTGAG,
TCTGAT,
TCTGCA,0.3220696
TCTGCC,0.2476885
TCTGCG,0.697578
TCTGCT,0.2321345
TCTGGA,
TCTGGC,
TCTGGG,
TCTGGT,
TCTGTA,
TCTGTC,
TCTGTG,
TCTGTT,
TCTTAA,
TCTTAC,
TCTTAG,-0.6224
TCTTAT,-0.3173232
TCTTCA,0.3480539
TCTTCC,
TCTTCG,0.7410847
TCTTCT,0.3229141
TCTTGA,
TCTTGC,-0.2513473
TCTTGG,
TCTTGT,
TCTTTA,-0.4768642
TCTTTC,
TCTTTG,-0.2184312
TCTTTT,-0.2837071
TGAAAA,
TGAAAC,0.262986
TGAAAG,
TGAAAT,0.1899039
TGAACA,0.2670403
TGAACC,0.2516984
TGAACG,0.5149125
TGAACT,0.3390837
TGAAGA,0.9433859
TGAAGC,0.5207993
TGAAGG,0.166069
TGAAGT,0.3844598
TGAATA,
TGAATC,0.4261481
TGAATG,0.1305397
TGAATT,
TGACAA,0.2287535
TGACAC,
TGACAG,
TGACAT,0.1978258
TGACCA,0.2932164
TGACCC,
TGACCG,0.5472676
TGACCT,0.4590649
TGACGA,0.7169895
TGACGC,0.5391356
TGACGG,0.5113187
TGACGT,0.4815253
TGACTA,
TGACTC,0.2812878
TGACTG,0.3189257
TGACTT,
TGAGAA,0.3380469
TGAGAC,0.3789433
TGAGAG,
TGAGAT,
TGAGCA,
TGAGCC,
TGAGCG,0.2977747
TGAGCT,
TGAGGA,0.4587943
TGAGGC,
TGAGGG,-0.2547049
TGAGGT,
TGAGTA,
TGAGTC,
TGAGTG,
TGAGTT,
TGATAA,-0.3728208
TGATAC,
TGATAG,-0.4463941
TGATAT,
TGATCA,
TGATCC,0.1724131
TGATCG,0.5364623
TGATCT,0.2500311
TGATGA,0.451145
TGATGC,0.1396745
TGATGG,0.2149318
TGATGT,0.1865652
TGATTA,-0.4000541
TGATTC,
TGATTG,
TGATTT,
TGCAAA,-0.4866398
TGCAAC,
TGCAAG,
TGCAAT,-0.4663353
TGCACA,-0.3348945
TGCACC,
TGCACG,
TGCACT,-0.2724775
TGCAGA,
TGCAGC,-0.3652139
TGCAGG,-0.1895056
TGCAGT,-0.2271924
TGCATA,-0.6218048
TGCATC,
TGCATG,
TGCATT,-0.3261397
TGCCAA,-0.2567591
TGCCAC,-0.2580622
TGCCAG,
TGCCAT,-0.2867126
TGCCCA,-0.1432309
TGCCCC,-0.2546363
TGCCCG,
TGCCCT,-0.2671356
TGCCGA,
TGCCGC,
TGCCGG,0.357492
TGCCGT,
TGCCTA,-0.6407879
TGCCTC,
TGCCTG,0.1541946
TGCCTT,-0.3058343
TGCGAA,
TGCGAC,0.3569121
TGCGAG,
TGCGAT,
TGCGCA,
TGCGCC,0.3091135
TGCGCG,0.3112813
TGCGCT,
TGCGGA,0.4578732
TGCGGC,
TGCGGG,0.2981737
TGCGGT,
TGCGTA,-0.3818318
TGCGTC,0.277213
TGCGTG,
TGCGTT,
TGCTAA,-0.3194757
TGCTAC,
TGCTAG,-0.6797094
TGCTAT,-0.3228921
TGCTCA,-0.283672
TGCTCC,
TGCTCG,
TGCTCT,-0.1806022
TGCTGA,
TGCTGC,0.228846
TGCTGG,-0.2103101
TGCTGT,
TGCTTA,-0.5835581
TGCTTC,
TGCTTG,-0.1808969
TGCTTT,-0.393521
TGGAAA,0.3325897
TGGAAC,0.6122403
TGGAAG,0.395116
TGGAAT,0.3262952
TGGACA,0.482477
TGGACC,0.608196
TGGACG,0.6856156
TGGACT,0.4486686
TGGAGA,0.4273047
TGGAGC,0.298979
TGGAGG,0.1005966
TGGAGT,0.2746071
TGGATA,0.1225647
TGGATC,0.3591663
TGGATG,0.4143451
TGGATT,0.323312
TGGCAA,0.2589675
TGGCAC,-0.133178
TGGCAG,
TGGCAT,
TGGCCA,
TGGCCC,
TGGCCG,0.1945682
TGGCCT,
TGGCGA,0.44272
TGGCGC,0.4218272
TGGCGG,0.3005538
TGGCGT,0.3209399
TGGCTA,-0.1559603
TGGCTC,
TGGCTG,0.1692689
TGGCTT,
TGGGAA,
TGGGAC,0.2863302
TGGGAG,0.07671111
TGGGAT,
TGGGCA,-0.1046877
TGGGCC,
TGGGCG,
TGGGCT,-0.2593239
TGGGGA,-0.1130882
TGGGGC,-0.149135
TGGGGG,-0.4125924
TGGGGT,-0.5112076
TGGGTA,-0.6167493
TGGGTC,-0.2794109
TGGGTG,-0.3786424
TGGGTT,-0.5210687
TGGTAA,-0.5382734
TGGTAC,-0.1438166
TGGTAG,-0.6264752
TGGTAT,-0.3627104
TGGTCA,
TGGTCC,0.1357273
TGGTCG,0.1556312
TGGTCT,
TGGTGA,
TGGTGC,
TGGTGG,-0.3078869
TGGTGT,
TGGTTA,-0.4565814
TGGTTC,
TGGTTG,-0.2111606
TGGTTT,-0.3373222
TGTAAA,-0.3038166
TGTAAC,
TGTAAG,-0.3619854
TGTAAT,-0.3887558
TGTACA,-0.2052563
TGTACC,
TGTACG,0.1877186
TGTACT,
TGTAGA,-0.3030957
TGTAGC,-0.3588601
TGTAGG,-0.6884585
TGTAGT,-0.4921345
TGTATA,-0.5260479
TGTATC,
TGTATG,-0.152481
TGTATT,-0.3191284
TGTCAA,
TGTCAC,
TGTCAG,-0.4334035
TGTCAT,
TGTCCA,
TGTCCC,
TGTCCG,0.2337018
TGTCCT,
TGTCGA,0.3619561
TGTCGC,0.2186128
TGTCGG,0.3117005
TGTCGT,0.2801706
TGTCTA,-0.2592822
TGTCTC,
TGTCTG,
TGTCTT,
TGTGAA,0.3805193
TGTGAC,0.329326
TGTGAG,0.170895
TGTGAT,0.1106145
TGTGCA,-0.2472551
TGTGCC,-0.430596
TGTGCG,-0.08053891
TGTGCT,-0.2514782
TGTGGA,0.5952629
TGTGGC,0.06264286
TGTGGG,-0.05956152
TGTGGT,
TGTGTA,-0.3203137
TGTGTC,-0.09100762
TGTGTG,-0.0725361
TGTGTT,-0.1982432
TGTTAA,-0.4394622
TGTTAC,
TGTTAG,-0.7580781
TGTTAT,-0.2632202
TGTTCA,
TGTTCC,0.2042386
TGTTCG,0.4236442
TGTTCT,
TGTTGA,
TGTTGC,
TGTTGG,
TGTTGT,
TGTTTA,-0.5316948
TGTTTC,
TGTTTG,-0.1606405
TGTTTT,-0.3225582
TTAAAA,-0.3487514
TTAAAC,
TTAAAG,-0.2417917
TTAAAT,-0.5575732
TTAACA,
TTAACC,
TTAACG,
TTAACT,-0.2163871
TTAAGA,-0.2171508
TTAAGC,-0.2603758
TTAAGG,-0.489365
TTAAGT,-0.4963837
TTAATA,-0.423763
TTAATC,
TTAATG,-0.4038938
TTAATT,-0.5069766
TTACAA,
TTACAC,
TTACAG,-0.2073422
TTACAT,
TTACCA,
TTACCC,
TTACCG,0.4158134
TTACCT,0.2207718
TTACGA,0.307009
TTACGC,0.331186
TTACGG,
TTACGT,
TTACTA,
TTACTC,
TTACTG,
TTACTT,
TTAGAA,-0.5134325
TTAGAC,-0.3923558
TTAGAG,-0.5453718
TTAGAT,-0.5780001
TTAGCA,-0.5234447
TTAGCC,-0.574851
TTAGCG,-0.3255023
TTAGCT,-0.5391496
TTAGGA,-0.6272114
TTAGGC,-0.7123606
TTAGGG,-0.8274652
TTAGGT,-0.7834827
TTAGTA,-0.8515252
TTAGTC,-0.5391153
TTAGTG,-0.5720891
TTAGTT,-0.8305586
TTATAA,-0.4406236
TTATAC,
TTATAG,-0.5943598
TTATAT,-0.4612058
TTATCA,
TTATCC,
TTATCG,0.2380421
TTATCT,
TTATGA,
TTATGC,-0.3004062
TTATGG,-0.26334
TTATGT,-0.2720829
TTATTA,-0.4775487
TTATTC,
TTATTG,-0.3429465
TTATTT,-0.3873899
TTCAAA,
TTCAAC,0.5038788
TTCAAG,0.2571335
TTCAAT,
TTCACA,
TTCACC,0.2294273
TTCACG,0.3883449
TTCACT,
TTCAGA,
TTCAGC,0.2004837
TTCAGG,-0.3220803
TTCAGT,-0.1968101
TTCATA,
TTCATC,0.5971833
TTCATG,
TTCATT,
TTCCAA,
TTCCAC,
TTCCAG,-0.06645435
TTCCAT,
TTCCCA,-0.4675052
TTCCCC,-0.3789985
TTCCCG,
TTCCCT,-0.2486209
TTCCGA,0.2488981
TTCCGC,0.2747267
TTCCGG,0.4887393
TTCCGT,
TTCCTA,-0.3463886
TTCCTC,
TTCCTG,0.3875103
TTCCTT,-0.2246428
TTCGAA,0.420868
TTCGAC,0.7493298
TTCGAG,0.3965095
TTCGAT,0.3441221
TTCGCA,0.4603162
TTCGCC,0.6368781
TTCGCG,0.720304
TTCGCT,0.3076391
TTCGGA,0.4873892
TTCGGC,0.6150017
TTCGGG,0.3261263
TTCGGT,
TTCGTA,
TTCGTC,0.789283
TTCGTG,0.3341409
TTCGTT,0.262961
TTCTAA,
TTCTAC,0.4360932
TTCTAG,-0.3957064
TTCTAT,-0.1847908
TTCTCA,
TTCTCC,0.1704978
TTCTCG,0.3826691
TTCTCT,
TTCTGA,0.2148165
TTCTGC,0.2863081
TTCTGG,
TTCTGT,
TTCTTA,-0.2067381
TTCTTC,0.4460383
TTCTTG,-0.2167459
TTCTTT,-0.2066745
TTGAAA,
TTGAAC,0.3098109
TTGAAG,
TTGAAT,
TTGACA,
TTGACC,0.2748382
TTGACG,0.4542693
TTGACT,
TTGAGA,
TTGAGC,
TTGAGG,-0.3282537
TTGAGT,-0.2243697
TTGATA,-0.2256812
TTGATC,0.3303918
TTGATG,
TTGATT,
TTGCAA,
TTGCAC,-0.1830282
TTGCAG,
TTGCAT,
TTGCCA,
TTGCCC,
TTGCCG,0.568089
TTGCCT,0.2616862
TTGCGA,0.4210282
TTGCGC,0.3831216
TTGCGG,0.281142
TTGCGT,0.2401667
TTGCTA,
TTGCTC,-0.1512439
TTGCTG,0.183509
TTGCTT,
TTGGAA,0.2063261
TTGGAC,0.314818
TTGGAG,
TTGGAT,0.2613524
TTGGCA,
TTGGCC,
TTGGCG,0.3545935
TTGGCT,
TTGGGA,
TTGGGC,-0.1379272
TTGGGG,-0.2181741
TTGGGT,-0.4530108
TTGGTA,-0.368896
TTGGTC,
TTGGTG,-0.1728837
TTGGTT,-0.2791246
TTGTAA,-0.2658903
TTGTAC,
TTGTAG,-0.5293156
TTGTAT,
TTGTCA,
TTGTCC,
TTGTCG,0.3927763
TTGTCT,
TTGTGA,
TTGTGC,-0.1508585
TTGTGG,-0.2004789
TTGTGT,
TTGTTA,-0.3367768
TTGTTC,0.2303536
TTGTTG,-0.1496215
TTGTTT,-0.1962941
TTTAAA,-0.3739422
TTTAAC,-0.2051251
TTTAAG,-0.4444516
TTTAAT,-0.4944412
TTTACA,
TTTACC,
TTTACG,
TTTACT,
TTTAGA,-0.4845172
TTTAGC,-0.5509597
TTTAGG,-0.78515
TTTAGT,-0.635001
TTTATA,-0.4211198
TTTATC,
TTTATG,-0.3697083
TTTATT,-0.4907686
TTTCAA,
TTTCAC,
TTTCAG,-0.1891614
TTTCAT,
TTTCCA,-0.217836
TTTCCC,-0.1788699
TTTCCG,0.4746051
TTTCCT,
TTTCGA,0.4415733
TTTCGC,0.4534971
TTTCGG,0.2141138
TTTCGT,0.2906723
TTTCTA,
TTTCTC,
TTTCTG,
TTTCTT,-0.2138376
TTTGAA,
TTTGAC,
TTTGAG,-0.2246125
TTTGAT,
TTTGCA,-0.2427729
TTTGCC,
TTTGCG,0.2742823
TTTGCT,-0.2193735
TTTGGA,
TTTGGC,
TTTGGG,-0.1998564
TTTGGT,-0.322801
TTTGTA,-0.2907206
TTTGTC,
TTTGTG,-0.2222249
TTTGTT,-0.2190884
TTTTAA,-0.3870382
TTTTAC,-0.1927973
TTTTAG,-0.6478399
TTTTAT,-0.4331303
TTTTCA,
TTTTCC,-0.1649281
TTTTCG,0.2508506
TTTTCT,
TTTTGA,
TTTTGC,-0.3309974
TTTTGG,-0.2676151
TTTTGT,-0.2808243
TTTTTA,-0.4364986
TTTTTC,
TTTTTG,-0.4509199
TTTTTT,-0.3813581
