CCCCACCTCTTCTTCTTTTCTAGAGTTGCTGCTGGGAGCTCCAGCACAGTGAAATGGACAGAAGGGCAGAGCAAGTGAGTGGACAATGCG,0.187,1.000,0.000,-2.422,0.000
CCCCACCTCTTCTTCTTTTCTAGAAATGCTGCTGGGAGCTCCAGCACAGTGAAATGGACAGAAGGGCAGAGCAAGTGAGTGGACAATGCG,0.050,0.269,-0.731,-4.317,-0.376
CCCCACCTCTTCTTCTTTTCTAGAACTGCTGCTGGGAGCTCCAGCACAGTGAAATGGACAGAAGGGCAGAGCAAGTGAGTGGACAATGCG,0.011,0.061,-0.939,-6.467,-0.802
CCCCACCTCTTCTTCTTTTCTAGAAGTGCTGCTGGGAGCTCCAGCACAGTGAAATGGACAGAAGGGCAGAGCAAGTGAGTGGACAATGCG,0.039,0.210,-0.790,-4.673,-0.446
CCCCACCTCTTCTTCTTTTCTAGAATTGCTGCTGGGAGCTCCAGCACAGTGAAATGGACAGAAGGGCAGAGCAAGTGAGTGGACAATGCG,0.419,2.248,0.074,-1.253,0.306
CCCCACCTCTTCTTCTTTTCTAGACATGCTGCTGGGAGCTCCAGCACAGTGAAATGGACAGAAGGGCAGAGCAAGTGAGTGGACAATGCG,0.078,0.418,-0.582,-3.682,-0.250
CCCCACCTCTTCTTCTTTTCTAGACCTGCTGCTGGGAGCTCCAGCACAGTGAAATGGACAGAAGGGCAGAGCAAGTGAGTGGACAATGCG,0.044,0.236,-0.764,-4.505,-0.413
CCCCACCTCTTCTTCTTTTCTAGACGTGCTGCTGGGAGCTCCAGCACAGTGAAATGGACAGAAGGGCAGAGCAAGTGAGTGGACAATGCG,0.163,0.871,-0.129,-2.621,-0.039
CCCCACCTCTTCTTCTTTTCTAGACTTGCTGCTGGGAGCTCCAGCACAGTGAAATGGACAGAAGGGCAGAGCAAGTGAGTGGACAATGCG,0.141,0.753,-0.247,-2.831,-0.081
CCCCACCTCTTCTTCTTTTCTAGATATGCTGCTGGGAGCTCCAGCACAGTGAAATGGACAGAAGGGCAGAGCAAGTGAGTGGACAATGCG,0.342,1.835,0.049,-1.547,0.230
CCCCACCTCTTCTTCTTTTCTAGATCTGCTGCTGGGAGCTCCAGCACAGTGAAATGGACAGAAGGGCAGAGCAAGTGAGTGGACAATGCG,0.216,1.160,0.009,-2.208,0.056
CCCCACCTCTTCTTCTTTTCTAGATGTGCTGCTGGGAGCTCCAGCACAGTGAAATGGACAGAAGGGCAGAGCAAGTGAGTGGACAATGCG,0.359,1.924,0.054,-1.479,0.247
CCCCACCTCTTCTTCTTTTCTAGATTTGCTGCTGGGAGCTCCAGCACAGTGAAATGGACAGAAGGGCAGAGCAAGTGAGTGGACAATGCG,0.476,2.551,0.091,-1.072,0.354
CCCCACCTCTTCTTCTTTTCTAGAGAAGCTGCTGGGAGCTCCAGCACAGTGAAATGGACAGAAGGGCAGAGCAAGTGAGTGGACAATGCG,0.079,0.422,-0.578,-3.668,-0.247
CCCCACCTCTTCTTCTTTTCTAGAGACGCTGCTGGGAGCTCCAGCACAGTGAAATGGACAGAAGGGCAGAGCAAGTGAGTGGACAATGCG,0.355,1.905,0.053,-1.493,0.244
CCCCACCTCTTCTTCTTTTCTAGAGAGGCTGCTGGGAGCTCCAGCACAGTGAAATGGACAGAAGGGCAGAGCAAGTGAGTGGACAATGCG,0.042,0.226,-0.774,-4.566,-0.425
CCCCACCTCTTCTTCTTTTCTAGAGATGCTGCTGGGAGCTCCAGCACAGTGAAATGGACAGAAGGGCAGAGCAAGTGAGTGGACAATGCG,0.364,1.952,0.056,-1.457,0.253
CCCCACCTCTTCTTCTTTTCTAGAGCAGCTGCTGGGAGCTCCAGCACAGTGAAATGGACAGAAGGGCAGAGCAAGTGAGTGGACAATGCG,0.026,0.140,-0.860,-5.258,-0.562
CCCCACCTCTTCTTCTTTTCTAGAGCCGCTGCTGGGAGCTCCAGCACAGTGAAATGGACAGAAGGGCAGAGCAAGTGAGTGGACAATGCG,0.208,1.113,0.007,-2.268,0.040
CCCCACCTCTTCTTCTTTTCTAGAGCGGCTGCTGGGAGCTCCAGCACAGTGAAATGGACAGAAGGGCAGAGCAAGTGAGTGGACAATGCG,0.096,0.512,-0.488,-3.387,-0.191
CCCCACCTCTTCTTCTTTTCTAGAGCTGCTGCTGGGAGCTCCAGCACAGTGAAATGGACAGAAGGGCAGAGCAAGTGAGTGGACAATGCG,0.011,0.059,-0.941,-6.508,-0.810
CCCCACCTCTTCTTCTTTTCTAGAGGAGCTGCTGGGAGCTCCAGCACAGTGAAATGGACAGAAGGGCAGAGCAAGTGAGTGGACAATGCG,0.018,0.098,-0.902,-5.767,-0.663
CCCCACCTCTTCTTCTTTTCTAGAGGCGCTGCTGGGAGCTCCAGCACAGTGAAATGGACAGAAGGGCAGAGCAAGTGAGTGGACAATGCG,0.160,0.860,-0.140,-2.640,-0.043
CCCCACCTCTTCTTCTTTTCTAGAGGGGCTGCTGGGAGCTCCAGCACAGTGAAATGGACAGAAGGGCAGAGCAAGTGAGTGGACAATGCG,0.008,0.043,-0.957,-6.956,-0.899
CCCCACCTCTTCTTCTTTTCTAGAGGTGCTGCTGGGAGCTCCAGCACAGTGAAATGGACAGAAGGGCAGAGCAAGTGAGTGGACAATGCG,0.019,0.104,-0.896,-5.685,-0.647
CCCCACCTCTTCTTCTTTTCTAGAGTAACTGCTGGGAGCTCCAGCACAGTGAAATGGACAGAAGGGCAGAGCAAGTGAGTGGACAATGCG,0.007,0.038,-0.962,-7.145,-0.936
CCCCACCTCTTCTTCTTTTCTAGAGTACCTGCTGGGAGCTCCAGCACAGTGAAATGGACAGAAGGGCAGAGCAAGTGAGTGGACAATGCG,0.183,0.981,-0.019,-2.449,-0.005
CCCCACCTCTTCTTCTTTTCTAGAGTAGCTGCTGGGAGCTCCAGCACAGTGAAATGGACAGAAGGGCAGAGCAAGTGAGTGGACAATGCG,0.003,0.019,-0.981,-8.170,-1.139
CCCCACCTCTTCTTCTTTTCTAGAGTATCTGCTGGGAGCTCCAGCACAGTGAAATGGACAGAAGGGCAGAGCAAGTGAGTGGACAATGCG,0.057,0.305,-0.695,-4.136,-0.340
CCCCACCTCTTCTTCTTTTCTAGAGTCACTGCTGGGAGCTCCAGCACAGTGAAATGGACAGAAGGGCAGAGCAAGTGAGTGGACAATGCG,0.045,0.240,-0.760,-4.483,-0.408
CCCCACCTCTTCTTCTTTTCTAGAGTCCCTGCTGGGAGCTCCAGCACAGTGAAATGGACAGAAGGGCAGAGCAAGTGAGTGGACAATGCG,0.153,0.821,-0.179,-2.707,-0.056
CCCCACCTCTTCTTCTTTTCTAGAGTCGCTGCTGGGAGCTCCAGCACAGTGAAATGGACAGAAGGGCAGAGCAAGTGAGTGGACAATGCG,0.365,1.954,0.056,-1.456,0.253
CCCCACCTCTTCTTCTTTTCTAGAGTCTCTGCTGGGAGCTCCAGCACAGTGAAATGGACAGAAGGGCAGAGCAAGTGAGTGGACAATGCG,0.105,0.563,-0.437,-3.251,-0.164
CCCCACCTCTTCTTCTTTTCTAGAGTGACTGCTGGGAGCTCCAGCACAGTGAAATGGACAGAAGGGCAGAGCAAGTGAGTGGACAATGCG,0.101,0.543,-0.457,-3.303,-0.174
CCCCACCTCTTCTTCTTTTCTAGAGTGCCTGCTGGGAGCTCCAGCACAGTGAAATGGACAGAAGGGCAGAGCAAGTGAGTGGACAATGCG,0.226,1.209,0.012,-2.148,0.072
CCCCACCTCTTCTTCTTTTCTAGAGTGGCTGCTGGGAGCTCCAGCACAGTGAAATGGACAGAAGGGCAGAGCAAGTGAGTGGACAATGCG,0.079,0.425,-0.575,-3.658,-0.245
CCCCACCTCTTCTTCTTTTCTAGAGTGTCTGCTGGGAGCTCCAGCACAGTGAAATGGACAGAAGGGCAGAGCAAGTGAGTGGACAATGCG,0.105,0.563,-0.437,-3.250,-0.164
CCCCACCTCTTCTTCTTTTCTAGAGTTAATGCTGGGAGCTCCAGCACAGTGAAATGGACAGAAGGGCAGAGCAAGTGAGTGGACAATGCG,0.011,0.060,-0.940,-6.490,-0.806
CCCCACCTCTTCTTCTTTTCTAGAGTTACTGCTGGGAGCTCCAGCACAGTGAAATGGACAGAAGGGCAGAGCAAGTGAGTGGACAATGCG,0.039,0.209,-0.791,-4.680,-0.448
CCCCACCTCTTCTTCTTTTCTAGAGTTAGTGCTGGGAGCTCCAGCACAGTGAAATGGACAGAAGGGCAGAGCAAGTGAGTGGACAATGCG,0.004,0.020,-0.980,-8.074,-1.120
CCCCACCTCTTCTTCTTTTCTAGAGTTATTGCTGGGAGCTCCAGCACAGTGAAATGGACAGAAGGGCAGAGCAAGTGAGTGGACAATGCG,0.014,0.076,-0.924,-6.140,-0.737
CCCCACCTCTTCTTCTTTTCTAGAGTTCATGCTGGGAGCTCCAGCACAGTGAAATGGACAGAAGGGCAGAGCAAGTGAGTGGACAATGCG,0.034,0.181,-0.819,-4.890,-0.489
CCCCACCTCTTCTTCTTTTCTAGAGTTCCTGCTGGGAGCTCCAGCACAGTGAAATGGACAGAAGGGCAGAGCAAGTGAGTGGACAATGCG,0.147,0.786,-0.214,-2.770,-0.069
CCCCACCTCTTCTTCTTTTCTAGAGTTCGTGCTGGGAGCTCCAGCACAGTGAAATGGACAGAAGGGCAGAGCAAGTGAGTGGACAATGCG,0.027,0.144,-0.856,-5.221,-0.555
CCCCACCTCTTCTTCTTTTCTAGAGTTCTTGCTGGGAGCTCCAGCACAGTGAAATGGACAGAAGGGCAGAGCAAGTGAGTGGACAATGCG,0.063,0.336,-0.664,-3.996,-0.312
CCCCACCTCTTCTTCTTTTCTAGAGTTTATGCTGGGAGCTCCAGCACAGTGAAATGGACAGAAGGGCAGAGCAAGTGAGTGGACAATGCG,0.007,0.035,-0.965,-7.255,-0.958
CCCCACCTCTTCTTCTTTTCTAGAGTTTCTGCTGGGAGCTCCAGCACAGTGAAATGGACAGAAGGGCAGAGCAAGTGAGTGGACAATGCG,0.103,0.550,-0.450,-3.286,-0.171
CCCCACCTCTTCTTCTTTTCTAGAGTTTGTGCTGGGAGCTCCAGCACAGTGAAATGGACAGAAGGGCAGAGCAAGTGAGTGGACAATGCG,0.002,0.012,-0.988,-8.773,-1.259
CCCCACCTCTTCTTCTTTTCTAGAGTTTTTGCTGGGAGCTCCAGCACAGTGAAATGGACAGAAGGGCAGAGCAAGTGAGTGGACAATGCG,0.006,0.031,-0.969,-7.431,-0.993
CCCCACCTCTTCTTCTTTTCTAGAGTTGAAGCTGGGAGCTCCAGCACAGTGAAATGGACAGAAGGGCAGAGCAAGTGAGTGGACAATGCG,0.261,1.398,0.023,-1.939,0.127
CCCCACCTCTTCTTCTTTTCTAGAGTTGACGCTGGGAGCTCCAGCACAGTGAAATGGACAGAAGGGCAGAGCAAGTGAGTGGACAATGCG,0.264,1.416,0.025,-1.920,0.132
CCCCACCTCTTCTTCTTTTCTAGAGTTGAGGCTGGGAGCTCCAGCACAGTGAAATGGACAGAAGGGCAGAGCAAGTGAGTGGACAATGCG,0.006,0.030,-0.970,-7.466,-1.000
CCCCACCTCTTCTTCTTTTCTAGAGTTGATGCTGGGAGCTCCAGCACAGTGAAATGGACAGAAGGGCAGAGCAAGTGAGTGGACAATGCG,0.079,0.423,-0.577,-3.663,-0.246
CCCCACCTCTTCTTCTTTTCTAGAGTTGGAGCTGGGAGCTCCAGCACAGTGAAATGGACAGAAGGGCAGAGCAAGTGAGTGGACAATGCG,0.008,0.041,-0.959,-7.032,-0.914
CCCCACCTCTTCTTCTTTTCTAGAGTTGGCGCTGGGAGCTCCAGCACAGTGAAATGGACAGAAGGGCAGAGCAAGTGAGTGGACAATGCG,0.331,1.776,0.046,-1.594,0.217
CCCCACCTCTTCTTCTTTTCTAGAGTTGGGGCTGGGAGCTCCAGCACAGTGAAATGGACAGAAGGGCAGAGCAAGTGAGTGGACAATGCG,0.014,0.077,-0.923,-6.125,-0.734
CCCCACCTCTTCTTCTTTTCTAGAGTTGGTGCTGGGAGCTCCAGCACAGTGAAATGGACAGAAGGGCAGAGCAAGTGAGTGGACAATGCG,0.026,0.141,-0.859,-5.247,-0.560
CCCCACCTCTTCTTCTTTTCTAGAGTTGTAGCTGGGAGCTCCAGCACAGTGAAATGGACAGAAGGGCAGAGCAAGTGAGTGGACAATGCG,0.048,0.260,-0.740,-4.366,-0.385
CCCCACCTCTTCTTCTTTTCTAGAGTTGTCGCTGGGAGCTCCAGCACAGTGAAATGGACAGAAGGGCAGAGCAAGTGAGTGGACAATGCG,0.178,0.952,-0.048,-2.493,-0.014
CCCCACCTCTTCTTCTTTTCTAGAGTTGTGGCTGGGAGCTCCAGCACAGTGAAATGGACAGAAGGGCAGAGCAAGTGAGTGGACAATGCG,0.014,0.074,-0.926,-6.188,-0.747
CCCCACCTCTTCTTCTTTTCTAGAGTTGTTGCTGGGAGCTCCAGCACAGTGAAATGGACAGAAGGGCAGAGCAAGTGAGTGGACAATGCG,0.051,0.274,-0.726,-4.291,-0.370
CCCCACCTCTTCTTCTTTTCTAGAGTTGCAACTGGGAGCTCCAGCACAGTGAAATGGACAGAAGGGCAGAGCAAGTGAGTGGACAATGCG,1.491,7.994,0.412,0.577,0.786
CCCCACCTCTTCTTCTTTTCTAGAGTTGCACCTGGGAGCTCCAGCACAGTGAAATGGACAGAAGGGCAGAGCAAGTGAGTGGACAATGCG,1.671,8.955,0.469,0.740,0.829
CCCCACCTCTTCTTCTTTTCTAGAGTTGCAGCTGGGAGCTCCAGCACAGTGAAATGGACAGAAGGGCAGAGCAAGTGAGTGGACAATGCG,0.394,2.115,0.066,-1.342,0.283
CCCCACCTCTTCTTCTTTTCTAGAGTTGCATCTGGGAGCTCCAGCACAGTGAAATGGACAGAAGGGCAGAGCAAGTGAGTGGACAATGCG,1.826,9.786,0.518,0.868,0.863
CCCCACCTCTTCTTCTTTTCTAGAGTTGCCACTGGGAGCTCCAGCACAGTGAAATGGACAGAAGGGCAGAGCAAGTGAGTGGACAATGCG,1.438,7.707,0.396,0.524,0.772
CCCCACCTCTTCTTCTTTTCTAGAGTTGCCCCTGGGAGCTCCAGCACAGTGAAATGGACAGAAGGGCAGAGCAAGTGAGTGGACAATGCG,1.023,5.484,0.264,0.033,0.644
CCCCACCTCTTCTTCTTTTCTAGAGTTGCCGCTGGGAGCTCCAGCACAGTGAAATGGACAGAAGGGCAGAGCAAGTGAGTGGACAATGCG,0.538,2.886,0.111,-0.893,0.401
CCCCACCTCTTCTTCTTTTCTAGAGTTGCCTCTGGGAGCTCCAGCACAGTGAAATGGACAGAAGGGCAGAGCAAGTGAGTGGACAATGCG,1.048,5.618,0.272,0.068,0.653
CCCCACCTCTTCTTCTTTTCTAGAGTTGCGACTGGGAGCTCCAGCACAGTGAAATGGACAGAAGGGCAGAGCAAGTGAGTGGACAATGCG,2.023,10.845,0.581,1.017,0.902
CCCCACCTCTTCTTCTTTTCTAGAGTTGCGCCTGGGAGCTCCAGCACAGTGAAATGGACAGAAGGGCAGAGCAAGTGAGTGGACAATGCG,2.050,10.988,0.589,1.035,0.907
CCCCACCTCTTCTTCTTTTCTAGAGTTGCGGCTGGGAGCTCCAGCACAGTGAAATGGACAGAAGGGCAGAGCAAGTGAGTGGACAATGCG,0.183,0.983,-0.017,-2.447,-0.005
CCCCACCTCTTCTTCTTTTCTAGAGTTGCGTCTGGGAGCTCCAGCACAGTGAAATGGACAGAAGGGCAGAGCAAGTGAGTGGACAATGCG,1.911,10.241,0.545,0.934,0.880
CCCCACCTCTTCTTCTTTTCTAGAGTTGCTAATGGGAGCTCCAGCACAGTGAAATGGACAGAAGGGCAGAGCAAGTGAGTGGACAATGCG,0.383,2.053,0.062,-1.385,0.272
CCCCACCTCTTCTTCTTTTCTAGAGTTGCTACTGGGAGCTCCAGCACAGTGAAATGGACAGAAGGGCAGAGCAAGTGAGTGGACAATGCG,1.091,5.847,0.286,0.125,0.668
CCCCACCTCTTCTTCTTTTCTAGAGTTGCTAGTGGGAGCTCCAGCACAGTGAAATGGACAGAAGGGCAGAGCAAGTGAGTGGACAATGCG,0.072,0.388,-0.612,-3.789,-0.271
CCCCACCTCTTCTTCTTTTCTAGAGTTGCTATTGGGAGCTCCAGCACAGTGAAATGGACAGAAGGGCAGAGCAAGTGAGTGGACAATGCG,0.355,1.903,0.053,-1.494,0.243
CCCCACCTCTTCTTCTTTTCTAGAGTTGCTCATGGGAGCTCCAGCACAGTGAAATGGACAGAAGGGCAGAGCAAGTGAGTGGACAATGCG,0.365,1.959,0.057,-1.452,0.254
CCCCACCTCTTCTTCTTTTCTAGAGTTGCTCCTGGGAGCTCCAGCACAGTGAAATGGACAGAAGGGCAGAGCAAGTGAGTGGACAATGCG,1.331,7.133,0.362,0.412,0.743
CCCCACCTCTTCTTCTTTTCTAGAGTTGCTCGTGGGAGCTCCAGCACAGTGAAATGGACAGAAGGGCAGAGCAAGTGAGTGGACAATGCG,0.884,4.738,0.220,-0.178,0.588
CCCCACCTCTTCTTCTTTTCTAGAGTTGCTCTTGGGAGCTCCAGCACAGTGAAATGGACAGAAGGGCAGAGCAAGTGAGTGGACAATGCG,0.216,1.159,0.009,-2.209,0.056
CCCCACCTCTTCTTCTTTTCTAGAGTTGCTTATGGGAGCTCCAGCACAGTGAAATGGACAGAAGGGCAGAGCAAGTGAGTGGACAATGCG,0.386,2.070,0.063,-1.373,0.275
CCCCACCTCTTCTTCTTTTCTAGAGTTGCTTCTGGGAGCTCCAGCACAGTGAAATGGACAGAAGGGCAGAGCAAGTGAGTGGACAATGCG,1.197,6.418,0.320,0.260,0.703
CCCCACCTCTTCTTCTTTTCTAGAGTTGCTTGTGGGAGCTCCAGCACAGTGAAATGGACAGAAGGGCAGAGCAAGTGAGTGGACAATGCG,0.455,2.439,0.085,-1.136,0.337
CCCCACCTCTTCTTCTTTTCTAGAGTTGCTTTTGGGAGCTCCAGCACAGTGAAATGGACAGAAGGGCAGAGCAAGTGAGTGGACAATGCG,0.300,1.610,0.036,-1.735,0.180
CCCCACCTCTTCTTCTTTTCTAGAGTTGCTGAAGGGAGCTCCAGCACAGTGAAATGGACAGAAGGGCAGAGCAAGTGAGTGGACAATGCG,0.914,4.901,0.230,-0.129,0.601
CCCCACCTCTTCTTCTTTTCTAGAGTTGCTGACGGGAGCTCCAGCACAGTGAAATGGACAGAAGGGCAGAGCAAGTGAGTGGACAATGCG,2.654,14.227,0.780,1.408,1.004
CCCCACCTCTTCTTCTTTTCTAGAGTTGCTGAGGGGAGCTCCAGCACAGTGAAATGGACAGAAGGGCAGAGCAAGTGAGTGGACAATGCG,0.829,4.444,0.203,-0.270,0.564
CCCCACCTCTTCTTCTTTTCTAGAGTTGCTGATGGGAGCTCCAGCACAGTGAAATGGACAGAAGGGCAGAGCAAGTGAGTGGACAATGCG,1.965,10.531,0.562,0.974,0.891
CCCCACCTCTTCTTCTTTTCTAGAGTTGCTGGAGGGAGCTCCAGCACAGTGAAATGGACAGAAGGGCAGAGCAAGTGAGTGGACAATGCG,0.010,0.054,-0.946,-6.629,-0.834
CCCCACCTCTTCTTCTTTTCTAGAGTTGCTGGCGGGAGCTCCAGCACAGTGAAATGGACAGAAGGGCAGAGCAAGTGAGTGGACAATGCG,0.220,1.181,0.011,-2.182,0.063
CCCCACCTCTTCTTCTTTTCTAGAGTTGCTGGGGGGAGCTCCAGCACAGTGAAATGGACAGAAGGGCAGAGCAAGTGAGTGGACAATGCG,0.014,0.074,-0.926,-6.169,-0.743
CCCCACCTCTTCTTCTTTTCTAGAGTTGCTGGTGGGAGCTCCAGCACAGTGAAATGGACAGAAGGGCAGAGCAAGTGAGTGGACAATGCG,0.154,0.825,-0.175,-2.700,-0.055
CCCCACCTCTTCTTCTTTTCTAGAGTTGCTGTAGGGAGCTCCAGCACAGTGAAATGGACAGAAGGGCAGAGCAAGTGAGTGGACAATGCG,0.045,0.242,-0.758,-4.468,-0.406
CCCCACCTCTTCTTCTTTTCTAGAGTTGCTGTCGGGAGCTCCAGCACAGTGAAATGGACAGAAGGGCAGAGCAAGTGAGTGGACAATGCG,2.546,13.647,0.746,1.348,0.989
CCCCACCTCTTCTTCTTTTCTAGAGTTGCTGTGGGGAGCTCCAGCACAGTGAAATGGACAGAAGGGCAGAGCAAGTGAGTGGACAATGCG,0.493,2.643,0.097,-1.020,0.368
CCCCACCTCTTCTTCTTTTCTAGAGTTGCTGTTGGGAGCTCCAGCACAGTGAAATGGACAGAAGGGCAGAGCAAGTGAGTGGACAATGCG,1.363,7.307,0.372,0.447,0.752
CCCCACCTCTTCTTCTTTTCTAGAGTTGCTGCAAGGAGCTCCAGCACAGTGAAATGGACAGAAGGGCAGAGCAAGTGAGTGGACAATGCG,2.023,10.842,0.580,1.016,0.902
CCCCACCTCTTCTTCTTTTCTAGAGTTGCTGCACGGAGCTCCAGCACAGTGAAATGGACAGAAGGGCAGAGCAAGTGAGTGGACAATGCG,2.774,14.869,0.818,1.472,1.021
CCCCACCTCTTCTTCTTTTCTAGAGTTGCTGCAGGGAGCTCCAGCACAGTGAAATGGACAGAAGGGCAGAGCAAGTGAGTGGACAATGCG,0.633,3.391,0.141,-0.661,0.462
CCCCACCTCTTCTTCTTTTCTAGAGTTGCTGCATGGAGCTCCAGCACAGTGAAATGGACAGAAGGGCAGAGCAAGTGAGTGGACAATGCG,2.731,14.640,0.804,1.449,1.015
CCCCACCTCTTCTTCTTTTCTAGAGTTGCTGCCAGGAGCTCCAGCACAGTGAAATGGACAGAAGGGCAGAGCAAGTGAGTGGACAATGCG,1.764,9.454,0.499,0.819,0.850
CCCCACCTCTTCTTCTTTTCTAGAGTTGCTGCCCGGAGCTCCAGCACAGTGAAATGGACAGAAGGGCAGAGCAAGTGAGTGGACAATGCG,1.663,8.912,0.467,0.733,0.827
CCCCACCTCTTCTTCTTTTCTAGAGTTGCTGCCGGGAGCTCCAGCACAGTGAAATGGACAGAAGGGCAGAGCAAGTGAGTGGACAATGCG,2.717,14.563,0.800,1.442,1.013
CCCCACCTCTTCTTCTTTTCTAGAGTTGCTGCCTGGAGCTCCAGCACAGTGAAATGGACAGAAGGGCAGAGCAAGTGAGTGGACAATGCG,2.206,11.826,0.638,1.142,0.934
CCCCACCTCTTCTTCTTTTCTAGAGTTGCTGCGAGGAGCTCCAGCACAGTGAAATGGACAGAAGGGCAGAGCAAGTGAGTGGACAATGCG,2.336,12.521,0.679,1.224,0.956
CCCCACCTCTTCTTCTTTTCTAGAGTTGCTGCGCGGAGCTCCAGCACAGTGAAATGGACAGAAGGGCAGAGCAAGTGAGTGGACAATGCG,2.980,15.973,0.883,1.575,1.048
CCCCACCTCTTCTTCTTTTCTAGAGTTGCTGCGGGGAGCTCCAGCACAGTGAAATGGACAGAAGGGCAGAGCAAGTGAGTGGACAATGCG,1.824,9.777,0.518,0.867,0.862
CCCCACCTCTTCTTCTTTTCTAGAGTTGCTGCGTGGAGCTCCAGCACAGTGAAATGGACAGAAGGGCAGAGCAAGTGAGTGGACAATGCG,2.402,12.877,0.700,1.264,0.967
CCCCACCTCTTCTTCTTTTCTAGAGTTGCTGCTAAGAGCTCCAGCACAGTGAAATGGACAGAAGGGCAGAGCAAGTGAGTGGACAATGCG,0.676,3.621,0.155,-0.566,0.487
CCCCACCTCTTCTTCTTTTCTAGAGTTGCTGCTACGAGCTCCAGCACAGTGAAATGGACAGAAGGGCAGAGCAAGTGAGTGGACAATGCG,1.895,10.159,0.540,0.922,0.877
CCCCACCTCTTCTTCTTTTCTAGAGTTGCTGCTAGGAGCTCCAGCACAGTGAAATGGACAGAAGGGCAGAGCAAGTGAGTGGACAATGCG,0.618,3.310,0.136,-0.695,0.453
CCCCACCTCTTCTTCTTTTCTAGAGTTGCTGCTATGAGCTCCAGCACAGTGAAATGGACAGAAGGGCAGAGCAAGTGAGTGGACAATGCG,0.888,4.758,0.222,-0.172,0.590
CCCCACCTCTTCTTCTTTTCTAGAGTTGCTGCTCAGAGCTCCAGCACAGTGAAATGGACAGAAGGGCAGAGCAAGTGAGTGGACAATGCG,0.472,2.532,0.090,-1.082,0.351
CCCCACCTCTTCTTCTTTTCTAGAGTTGCTGCTCCGAGCTCCAGCACAGTGAAATGGACAGAAGGGCAGAGCAAGTGAGTGGACAATGCG,1.582,8.480,0.441,0.662,0.809
CCCCACCTCTTCTTCTTTTCTAGAGTTGCTGCTCGGAGCTCCAGCACAGTGAAATGGACAGAAGGGCAGAGCAAGTGAGTGGACAATGCG,2.054,11.008,0.590,1.038,0.907
CCCCACCTCTTCTTCTTTTCTAGAGTTGCTGCTCTGAGCTCCAGCACAGTGAAATGGACAGAAGGGCAGAGCAAGTGAGTGGACAATGCG,0.467,2.505,0.089,-1.098,0.347
CCCCACCTCTTCTTCTTTTCTAGAGTTGCTGCTTAGAGCTCCAGCACAGTGAAATGGACAGAAGGGCAGAGCAAGTGAGTGGACAATGCG,0.315,1.690,0.041,-1.665,0.198
CCCCACCTCTTCTTCTTTTCTAGAGTTGCTGCTTCGAGCTCCAGCACAGTGAAATGGACAGAAGGGCAGAGCAAGTGAGTGGACAATGCG,1.858,9.960,0.528,0.894,0.869
CCCCACCTCTTCTTCTTTTCTAGAGTTGCTGCTTGGAGCTCCAGCACAGTGAAATGGACAGAAGGGCAGAGCAAGTGAGTGGACAATGCG,2.222,11.910,0.643,1.152,0.937
CCCCACCTCTTCTTCTTTTCTAGAGTTGCTGCTTTGAGCTCCAGCACAGTGAAATGGACAGAAGGGCAGAGCAAGTGAGTGGACAATGCG,0.755,4.046,0.180,-0.406,0.529
CCCCACCTCTTCTTCTTTTCTAGAGTTGCTGCTGAAAGCTCCAGCACAGTGAAATGGACAGAAGGGCAGAGCAAGTGAGTGGACAATGCG,1.294,6.934,0.350,0.371,0.732
CCCCACCTCTTCTTCTTTTCTAGAGTTGCTGCTGACAGCTCCAGCACAGTGAAATGGACAGAAGGGCAGAGCAAGTGAGTGGACAATGCG,1.200,6.431,0.320,0.263,0.704
CCCCACCTCTTCTTCTTTTCTAGAGTTGCTGCTGAGAGCTCCAGCACAGTGAAATGGACAGAAGGGCAGAGCAAGTGAGTGGACAATGCG,1.703,9.131,0.480,0.768,0.837
CCCCACCTCTTCTTCTTTTCTAGAGTTGCTGCTGATAGCTCCAGCACAGTGAAATGGACAGAAGGGCAGAGCAAGTGAGTGGACAATGCG,0.459,2.459,0.086,-1.124,0.340
CCCCACCTCTTCTTCTTTTCTAGAGTTGCTGCTGCAAGCTCCAGCACAGTGAAATGGACAGAAGGGCAGAGCAAGTGAGTGGACAATGCG,1.102,5.908,0.289,0.140,0.672
CCCCACCTCTTCTTCTTTTCTAGAGTTGCTGCTGCCAGCTCCAGCACAGTGAAATGGACAGAAGGGCAGAGCAAGTGAGTGGACAATGCG,0.309,1.656,0.039,-1.695,0.191
CCCCACCTCTTCTTCTTTTCTAGAGTTGCTGCTGCGAGCTCCAGCACAGTGAAATGGACAGAAGGGCAGAGCAAGTGAGTGGACAATGCG,1.579,8.466,0.440,0.659,0.808
CCCCACCTCTTCTTCTTTTCTAGAGTTGCTGCTGCTAGCTCCAGCACAGTGAAATGGACAGAAGGGCAGAGCAAGTGAGTGGACAATGCG,0.237,1.269,0.016,-2.079,0.090
CCCCACCTCTTCTTCTTTTCTAGAGTTGCTGCTGTAAGCTCCAGCACAGTGAAATGGACAGAAGGGCAGAGCAAGTGAGTGGACAATGCG,0.608,3.261,0.133,-0.717,0.447
CCCCACCTCTTCTTCTTTTCTAGAGTTGCTGCTGTCAGCTCCAGCACAGTGAAATGGACAGAAGGGCAGAGCAAGTGAGTGGACAATGCG,0.721,3.863,0.169,-0.473,0.511
CCCCACCTCTTCTTCTTTTCTAGAGTTGCTGCTGTGAGCTCCAGCACAGTGAAATGGACAGAAGGGCAGAGCAAGTGAGTGGACAATGCG,0.925,4.961,0.234,-0.112,0.606
CCCCACCTCTTCTTCTTTTCTAGAGTTGCTGCTGTTAGCTCCAGCACAGTGAAATGGACAGAAGGGCAGAGCAAGTGAGTGGACAATGCG,0.199,1.065,0.004,-2.332,0.024
CCCCACCTCTTCTTCTTTTCTAGAGTTGCTGCTGGAAGCTCCAGCACAGTGAAATGGACAGAAGGGCAGAGCAAGTGAGTGGACAATGCG,0.135,0.726,-0.274,-2.884,-0.092
CCCCACCTCTTCTTCTTTTCTAGAGTTGCTGCTGGACGCTCCAGCACAGTGAAATGGACAGAAGGGCAGAGCAAGTGAGTGGACAATGCG,0.227,1.216,0.013,-2.140,0.074
CCCCACCTCTTCTTCTTTTCTAGAGTTGCTGCTGGAGGCTCCAGCACAGTGAAATGGACAGAAGGGCAGAGCAAGTGAGTGGACAATGCG,0.249,1.335,0.020,-2.005,0.109
CCCCACCTCTTCTTCTTTTCTAGAGTTGCTGCTGGATGCTCCAGCACAGTGAAATGGACAGAAGGGCAGAGCAAGTGAGTGGACAATGCG,0.100,0.534,-0.466,-3.329,-0.180
CCCCACCTCTTCTTCTTTTCTAGAGTTGCTGCTGGCAGCTCCAGCACAGTGAAATGGACAGAAGGGCAGAGCAAGTGAGTGGACAATGCG,0.050,0.270,-0.730,-4.310,-0.374
CCCCACCTCTTCTTCTTTTCTAGAGTTGCTGCTGGCCGCTCCAGCACAGTGAAATGGACAGAAGGGCAGAGCAAGTGAGTGGACAATGCG,0.190,1.021,0.001,-2.392,0.008
CCCCACCTCTTCTTCTTTTCTAGAGTTGCTGCTGGCGGCTCCAGCACAGTGAAATGGACAGAAGGGCAGAGCAAGTGAGTGGACAATGCG,0.420,2.254,0.074,-1.250,0.307
CCCCACCTCTTCTTCTTTTCTAGAGTTGCTGCTGGCTGCTCCAGCACAGTGAAATGGACAGAAGGGCAGAGCAAGTGAGTGGACAATGCG,0.194,1.038,0.002,-2.368,0.014
CCCCACCTCTTCTTCTTTTCTAGAGTTGCTGCTGGTAGCTCCAGCACAGTGAAATGGACAGAAGGGCAGAGCAAGTGAGTGGACAATGCG,0.015,0.082,-0.918,-6.024,-0.714
CCCCACCTCTTCTTCTTTTCTAGAGTTGCTGCTGGTCGCTCCAGCACAGTGAAATGGACAGAAGGGCAGAGCAAGTGAGTGGACAATGCG,0.065,0.346,-0.654,-3.953,-0.303
CCCCACCTCTTCTTCTTTTCTAGAGTTGCTGCTGGTGGCTCCAGCACAGTGAAATGGACAGAAGGGCAGAGCAAGTGAGTGGACAATGCG,0.089,0.478,-0.522,-3.488,-0.211
CCCCACCTCTTCTTCTTTTCTAGAGTTGCTGCTGGTTGCTCCAGCACAGTGAAATGGACAGAAGGGCAGAGCAAGTGAGTGGACAATGCG,0.019,0.104,-0.896,-5.693,-0.648
CCCCACCTCTTCTTCTTTTCTAGAGTTGCTGCTGGGCACTCCAGCACAGTGAAATGGACAGAAGGGCAGAGCAAGTGAGTGGACAATGCG,0.013,0.068,-0.932,-6.300,-0.769
CCCCACCTCTTCTTCTTTTCTAGAGTTGCTGCTGGGCCCTCCAGCACAGTGAAATGGACAGAAGGGCAGAGCAAGTGAGTGGACAATGCG,0.038,0.203,-0.797,-4.724,-0.456
CCCCACCTCTTCTTCTTTTCTAGAGTTGCTGCTGGGCGCTCCAGCACAGTGAAATGGACAGAAGGGCAGAGCAAGTGAGTGGACAATGCG,0.099,0.531,-0.469,-3.337,-0.181
CCCCACCTCTTCTTCTTTTCTAGAGTTGCTGCTGGGCTCTCCAGCACAGTGAAATGGACAGAAGGGCAGAGCAAGTGAGTGGACAATGCG,0.026,0.140,-0.860,-5.261,-0.563
CCCCACCTCTTCTTCTTTTCTAGAGTTGCTGCTGGGGACTCCAGCACAGTGAAATGGACAGAAGGGCAGAGCAAGTGAGTGGACAATGCG,0.102,0.549,-0.451,-3.287,-0.171
CCCCACCTCTTCTTCTTTTCTAGAGTTGCTGCTGGGGCCTCCAGCACAGTGAAATGGACAGAAGGGCAGAGCAAGTGAGTGGACAATGCG,0.089,0.479,-0.521,-3.485,-0.211
CCCCACCTCTTCTTCTTTTCTAGAGTTGCTGCTGGGGGCTCCAGCACAGTGAAATGGACAGAAGGGCAGAGCAAGTGAGTGGACAATGCG,0.095,0.508,-0.492,-3.399,-0.194
CCCCACCTCTTCTTCTTTTCTAGAGTTGCTGCTGGGGTCTCCAGCACAGTGAAATGGACAGAAGGGCAGAGCAAGTGAGTGGACAATGCG,0.060,0.320,-0.680,-4.066,-0.326
CCCCACCTCTTCTTCTTTTCTAGAGTTGCTGCTGGGTACTCCAGCACAGTGAAATGGACAGAAGGGCAGAGCAAGTGAGTGGACAATGCG,0.016,0.086,-0.914,-5.955,-0.700
CCCCACCTCTTCTTCTTTTCTAGAGTTGCTGCTGGGTCCTCCAGCACAGTGAAATGGACAGAAGGGCAGAGCAAGTGAGTGGACAATGCG,0.026,0.142,-0.858,-5.242,-0.559
CCCCACCTCTTCTTCTTTTCTAGAGTTGCTGCTGGGTGCTCCAGCACAGTGAAATGGACAGAAGGGCAGAGCAAGTGAGTGGACAATGCG,0.035,0.189,-0.811,-4.824,-0.476
CCCCACCTCTTCTTCTTTTCTAGAGTTGCTGCTGGGTTCTCCAGCACAGTGAAATGGACAGAAGGGCAGAGCAAGTGAGTGGACAATGCG,0.022,0.119,-0.881,-5.490,-0.608
CCCCACCTCTTCTTCTTTTCTAGAGTTGCTGCTGGGAAATCCAGCACAGTGAAATGGACAGAAGGGCAGAGCAAGTGAGTGGACAATGCG,0.030,0.161,-0.839,-5.058,-0.523
CCCCACCTCTTCTTCTTTTCTAGAGTTGCTGCTGGGAACTCCAGCACAGTGAAATGGACAGAAGGGCAGAGCAAGTGAGTGGACAATGCG,0.048,0.257,-0.743,-4.381,-0.388
CCCCACCTCTTCTTCTTTTCTAGAGTTGCTGCTGGGAAGTCCAGCACAGTGAAATGGACAGAAGGGCAGAGCAAGTGAGTGGACAATGCG,0.057,0.306,-0.694,-4.130,-0.339
CCCCACCTCTTCTTCTTTTCTAGAGTTGCTGCTGGGAATTCCAGCACAGTGAAATGGACAGAAGGGCAGAGCAAGTGAGTGGACAATGCG,0.014,0.075,-0.925,-6.159,-0.741
CCCCACCTCTTCTTCTTTTCTAGAGTTGCTGCTGGGACATCCAGCACAGTGAAATGGACAGAAGGGCAGAGCAAGTGAGTGGACAATGCG,0.031,0.164,-0.836,-5.031,-0.517
CCCCACCTCTTCTTCTTTTCTAGAGTTGCTGCTGGGACCTCCAGCACAGTGAAATGGACAGAAGGGCAGAGCAAGTGAGTGGACAATGCG,0.187,1.004,0.000,-2.417,0.001
CCCCACCTCTTCTTCTTTTCTAGAGTTGCTGCTGGGACGTCCAGCACAGTGAAATGGACAGAAGGGCAGAGCAAGTGAGTGGACAATGCG,0.178,0.956,-0.044,-2.487,-0.013
CCCCACCTCTTCTTCTTTTCTAGAGTTGCTGCTGGGACTTCCAGCACAGTGAAATGGACAGAAGGGCAGAGCAAGTGAGTGGACAATGCG,0.065,0.350,-0.650,-3.937,-0.300
CCCCACCTCTTCTTCTTTTCTAGAGTTGCTGCTGGGATATCCAGCACAGTGAAATGGACAGAAGGGCAGAGCAAGTGAGTGGACAATGCG,0.016,0.083,-0.917,-6.006,-0.710
CCCCACCTCTTCTTCTTTTCTAGAGTTGCTGCTGGGATCTCCAGCACAGTGAAATGGACAGAAGGGCAGAGCAAGTGAGTGGACAATGCG,0.081,0.435,-0.565,-3.622,-0.238
CCCCACCTCTTCTTCTTTTCTAGAGTTGCTGCTGGGATGTCCAGCACAGTGAAATGGACAGAAGGGCAGAGCAAGTGAGTGGACAATGCG,0.065,0.347,-0.653,-3.949,-0.303
CCCCACCTCTTCTTCTTTTCTAGAGTTGCTGCTGGGATTTCCAGCACAGTGAAATGGACAGAAGGGCAGAGCAAGTGAGTGGACAATGCG,0.033,0.176,-0.824,-4.927,-0.497
CCCCACCTCTTCTTCTTTTCTAGAGTTGCTGCTGGGAGAACCAGCACAGTGAAATGGACAGAAGGGCAGAGCAAGTGAGTGGACAATGCG,0.050,0.267,-0.733,-4.330,-0.378
CCCCACCTCTTCTTCTTTTCTAGAGTTGCTGCTGGGAGACCCAGCACAGTGAAATGGACAGAAGGGCAGAGCAAGTGAGTGGACAATGCG,0.050,0.270,-0.730,-4.312,-0.375
CCCCACCTCTTCTTCTTTTCTAGAGTTGCTGCTGGGAGAGCCAGCACAGTGAAATGGACAGAAGGGCAGAGCAAGTGAGTGGACAATGCG,0.043,0.233,-0.767,-4.524,-0.417
CCCCACCTCTTCTTCTTTTCTAGAGTTGCTGCTGGGAGATCCAGCACAGTGAAATGGACAGAAGGGCAGAGCAAGTGAGTGGACAATGCG,0.066,0.351,-0.649,-3.931,-0.299
CCCCACCTCTTCTTCTTTTCTAGAGTTGCTGCTGGGAGGACCAGCACAGTGAAATGGACAGAAGGGCAGAGCAAGTGAGTGGACAATGCG,0.231,1.238,0.014,-2.115,0.081
CCCCACCTCTTCTTCTTTTCTAGAGTTGCTGCTGGGAGGCCCAGCACAGTGAAATGGACAGAAGGGCAGAGCAAGTGAGTGGACAATGCG,0.114,0.610,-0.390,-3.136,-0.142
CCCCACCTCTTCTTCTTTTCTAGAGTTGCTGCTGGGAGGGCCAGCACAGTGAAATGGACAGAAGGGCAGAGCAAGTGAGTGGACAATGCG,0.070,0.374,-0.626,-3.842,-0.281
CCCCACCTCTTCTTCTTTTCTAGAGTTGCTGCTGGGAGGTCCAGCACAGTGAAATGGACAGAAGGGCAGAGCAAGTGAGTGGACAATGCG,0.103,0.553,-0.447,-3.278,-0.170
CCCCACCTCTTCTTCTTTTCTAGAGTTGCTGCTGGGAGTACCAGCACAGTGAAATGGACAGAAGGGCAGAGCAAGTGAGTGGACAATGCG,0.057,0.304,-0.696,-4.140,-0.341
CCCCACCTCTTCTTCTTTTCTAGAGTTGCTGCTGGGAGTCCCAGCACAGTGAAATGGACAGAAGGGCAGAGCAAGTGAGTGGACAATGCG,0.038,0.204,-0.796,-4.717,-0.455
CCCCACCTCTTCTTCTTTTCTAGAGTTGCTGCTGGGAGTGCCAGCACAGTGAAATGGACAGAAGGGCAGAGCAAGTGAGTGGACAATGCG,0.211,1.133,0.008,-2.242,0.047
CCCCACCTCTTCTTCTTTTCTAGAGTTGCTGCTGGGAGTTCCAGCACAGTGAAATGGACAGAAGGGCAGAGCAAGTGAGTGGACAATGCG,0.090,0.484,-0.516,-3.470,-0.208
CCCCACCTCTTCTTCTTTTCTAGAGTTGCTGCTGGGAGCAACAGCACAGTGAAATGGACAGAAGGGCAGAGCAAGTGAGTGGACAATGCG,0.314,1.684,0.040,-1.670,0.197
CCCCACCTCTTCTTCTTTTCTAGAGTTGCTGCTGGGAGCACCAGCACAGTGAAATGGACAGAAGGGCAGAGCAAGTGAGTGGACAATGCG,0.131,0.700,-0.300,-2.936,-0.102
CCCCACCTCTTCTTCTTTTCTAGAGTTGCTGCTGGGAGCAGCAGCACAGTGAAATGGACAGAAGGGCAGAGCAAGTGAGTGGACAATGCG,0.007,0.036,-0.964,-7.238,-0.955
CCCCACCTCTTCTTCTTTTCTAGAGTTGCTGCTGGGAGCATCAGCACAGTGAAATGGACAGAAGGGCAGAGCAAGTGAGTGGACAATGCG,1.091,5.850,0.286,0.126,0.668
CCCCACCTCTTCTTCTTTTCTAGAGTTGCTGCTGGGAGCCACAGCACAGTGAAATGGACAGAAGGGCAGAGCAAGTGAGTGGACAATGCG,1.287,6.897,0.348,0.364,0.730
CCCCACCTCTTCTTCTTTTCTAGAGTTGCTGCTGGGAGCCCCAGCACAGTGAAATGGACAGAAGGGCAGAGCAAGTGAGTGGACAATGCG,0.084,0.450,-0.550,-3.575,-0.229
CCCCACCTCTTCTTCTTTTCTAGAGTTGCTGCTGGGAGCCGCAGCACAGTGAAATGGACAGAAGGGCAGAGCAAGTGAGTGGACAATGCG,0.369,1.976,0.058,-1.440,0.258
CCCCACCTCTTCTTCTTTTCTAGAGTTGCTGCTGGGAGCCTCAGCACAGTGAAATGGACAGAAGGGCAGAGCAAGTGAGTGGACAATGCG,1.343,7.202,0.366,0.426,0.747
CCCCACCTCTTCTTCTTTTCTAGAGTTGCTGCTGGGAGCGACAGCACAGTGAAATGGACAGAAGGGCAGAGCAAGTGAGTGGACAATGCG,1.728,9.264,0.487,0.789,0.842
CCCCACCTCTTCTTCTTTTCTAGAGTTGCTGCTGGGAGCGCCAGCACAGTGAAATGGACAGAAGGGCAGAGCAAGTGAGTGGACAATGCG,0.247,1.324,0.019,-2.017,0.106
CCCCACCTCTTCTTCTTTTCTAGAGTTGCTGCTGGGAGCGGCAGCACAGTGAAATGGACAGAAGGGCAGAGCAAGTGAGTGGACAATGCG,0.043,0.230,-0.770,-4.543,-0.420
CCCCACCTCTTCTTCTTTTCTAGAGTTGCTGCTGGGAGCGTCAGCACAGTGAAATGGACAGAAGGGCAGAGCAAGTGAGTGGACAATGCG,1.505,8.066,0.417,0.590,0.790
CCCCACCTCTTCTTCTTTTCTAGAGTTGCTGCTGGGAGCTAAAGCACAGTGAAATGGACAGAAGGGCAGAGCAAGTGAGTGGACAATGCG,0.547,2.931,0.114,-0.871,0.407
CCCCACCTCTTCTTCTTTTCTAGAGTTGCTGCTGGGAGCTACAGCACAGTGAAATGGACAGAAGGGCAGAGCAAGTGAGTGGACAATGCG,1.501,8.046,0.416,0.586,0.789
CCCCACCTCTTCTTCTTTTCTAGAGTTGCTGCTGGGAGCTAGAGCACAGTGAAATGGACAGAAGGGCAGAGCAAGTGAGTGGACAATGCG,0.352,1.887,0.052,-1.506,0.240
CCCCACCTCTTCTTCTTTTCTAGAGTTGCTGCTGGGAGCTATAGCACAGTGAAATGGACAGAAGGGCAGAGCAAGTGAGTGGACAATGCG,0.121,0.649,-0.351,-3.047,-0.124
CCCCACCTCTTCTTCTTTTCTAGAGTTGCTGCTGGGAGCTGAAGCACAGTGAAATGGACAGAAGGGCAGAGCAAGTGAGTGGACAATGCG,2.921,15.658,0.864,1.546,1.041
CCCCACCTCTTCTTCTTTTCTAGAGTTGCTGCTGGGAGCTGCAGCACAGTGAAATGGACAGAAGGGCAGAGCAAGTGAGTGGACAATGCG,0.287,1.540,0.032,-1.799,0.163
CCCCACCTCTTCTTCTTTTCTAGAGTTGCTGCTGGGAGCTGGAGCACAGTGAAATGGACAGAAGGGCAGAGCAAGTGAGTGGACAATGCG,3.044,16.318,0.903,1.606,1.056
CCCCACCTCTTCTTCTTTTCTAGAGTTGCTGCTGGGAGCTGTAGCACAGTGAAATGGACAGAAGGGCAGAGCAAGTGAGTGGACAATGCG,0.777,4.165,0.187,-0.364,0.540
CCCCACCTCTTCTTCTTTTCTAGAGTTGCTGCTGGGAGCTTAAGCACAGTGAAATGGACAGAAGGGCAGAGCAAGTGAGTGGACAATGCG,0.302,1.617,0.036,-1.729,0.182
CCCCACCTCTTCTTCTTTTCTAGAGTTGCTGCTGGGAGCTTCAGCACAGTGAAATGGACAGAAGGGCAGAGCAAGTGAGTGGACAATGCG,1.275,6.832,0.344,0.350,0.727
CCCCACCTCTTCTTCTTTTCTAGAGTTGCTGCTGGGAGCTTGAGCACAGTGAAATGGACAGAAGGGCAGAGCAAGTGAGTGGACAATGCG,0.995,5.335,0.256,-0.007,0.633
CCCCACCTCTTCTTCTTTTCTAGAGTTGCTGCTGGGAGCTTTAGCACAGTGAAATGGACAGAAGGGCAGAGCAAGTGAGTGGACAATGCG,0.084,0.449,-0.551,-3.577,-0.229
CCCCACCTCTTCTTCTTTTCTAGAGTTGCTGCTGGGAGCTCAAGCACAGTGAAATGGACAGAAGGGCAGAGCAAGTGAGTGGACAATGCG,1.488,7.974,0.411,0.573,0.785
CCCCACCTCTTCTTCTTTTCTAGAGTTGCTGCTGGGAGCTCACGCACAGTGAAATGGACAGAAGGGCAGAGCAAGTGAGTGGACAATGCG,1.807,9.684,0.512,0.853,0.859
CCCCACCTCTTCTTCTTTTCTAGAGTTGCTGCTGGGAGCTCAGGCACAGTGAAATGGACAGAAGGGCAGAGCAAGTGAGTGGACAATGCG,0.356,1.910,0.054,-1.488,0.245
CCCCACCTCTTCTTCTTTTCTAGAGTTGCTGCTGGGAGCTCATGCACAGTGAAATGGACAGAAGGGCAGAGCAAGTGAGTGGACAATGCG,1.142,6.124,0.302,0.192,0.685
CCCCACCTCTTCTTCTTTTCTAGAGTTGCTGCTGGGAGCTCGAGCACAGTGAAATGGACAGAAGGGCAGAGCAAGTGAGTGGACAATGCG,2.425,12.999,0.708,1.278,0.970
CCCCACCTCTTCTTCTTTTCTAGAGTTGCTGCTGGGAGCTCGCGCACAGTGAAATGGACAGAAGGGCAGAGCAAGTGAGTGGACAATGCG,2.837,15.210,0.838,1.505,1.030
CCCCACCTCTTCTTCTTTTCTAGAGTTGCTGCTGGGAGCTCGGGCACAGTGAAATGGACAGAAGGGCAGAGCAAGTGAGTGGACAATGCG,1.234,6.613,0.331,0.303,0.715
CCCCACCTCTTCTTCTTTTCTAGAGTTGCTGCTGGGAGCTCGTGCACAGTGAAATGGACAGAAGGGCAGAGCAAGTGAGTGGACAATGCG,2.206,11.826,0.638,1.142,0.934
CCCCACCTCTTCTTCTTTTCTAGAGTTGCTGCTGGGAGCTCTAGCACAGTGAAATGGACAGAAGGGCAGAGCAAGTGAGTGGACAATGCG,0.199,1.066,0.004,-2.330,0.024
CCCCACCTCTTCTTCTTTTCTAGAGTTGCTGCTGGGAGCTCTCGCACAGTGAAATGGACAGAAGGGCAGAGCAAGTGAGTGGACAATGCG,1.958,10.498,0.560,0.970,0.889
CCCCACCTCTTCTTCTTTTCTAGAGTTGCTGCTGGGAGCTCTGGCACAGTGAAATGGACAGAAGGGCAGAGCAAGTGAGTGGACAATGCG,0.684,3.666,0.157,-0.548,0.491
CCCCACCTCTTCTTCTTTTCTAGAGTTGCTGCTGGGAGCTCTTGCACAGTGAAATGGACAGAAGGGCAGAGCAAGTGAGTGGACAATGCG,1.010,5.414,0.260,0.014,0.639
CCCCACCTCTTCTTCTTTTCTAGAGTTGCTGCTGGGAGCTCCCACACAGTGAAATGGACAGAAGGGCAGAGCAAGTGAGTGGACAATGCG,1.194,6.400,0.318,0.256,0.702
CCCCACCTCTTCTTCTTTTCTAGAGTTGCTGCTGGGAGCTCCCCCACAGTGAAATGGACAGAAGGGCAGAGCAAGTGAGTGGACAATGCG,0.634,3.396,0.141,-0.659,0.462
CCCCACCTCTTCTTCTTTTCTAGAGTTGCTGCTGGGAGCTCCCGCACAGTGAAATGGACAGAAGGGCAGAGCAAGTGAGTGGACAATGCG,2.033,10.900,0.584,1.024,0.904
CCCCACCTCTTCTTCTTTTCTAGAGTTGCTGCTGGGAGCTCCCTCACAGTGAAATGGACAGAAGGGCAGAGCAAGTGAGTGGACAATGCG,1.489,7.979,0.412,0.574,0.786
CCCCACCTCTTCTTCTTTTCTAGAGTTGCTGCTGGGAGCTCCGACACAGTGAAATGGACAGAAGGGCAGAGCAAGTGAGTGGACAATGCG,2.894,15.511,0.856,1.533,1.037
CCCCACCTCTTCTTCTTTTCTAGAGTTGCTGCTGGGAGCTCCGCCACAGTGAAATGGACAGAAGGGCAGAGCAAGTGAGTGGACAATGCG,2.640,14.154,0.776,1.401,1.002
CCCCACCTCTTCTTCTTTTCTAGAGTTGCTGCTGGGAGCTCCGGCACAGTGAAATGGACAGAAGGGCAGAGCAAGTGAGTGGACAATGCG,1.579,8.465,0.440,0.659,0.808
CCCCACCTCTTCTTCTTTTCTAGAGTTGCTGCTGGGAGCTCCGTCACAGTGAAATGGACAGAAGGGCAGAGCAAGTGAGTGGACAATGCG,2.373,12.720,0.691,1.247,0.962
CCCCACCTCTTCTTCTTTTCTAGAGTTGCTGCTGGGAGCTCCTACACAGTGAAATGGACAGAAGGGCAGAGCAAGTGAGTGGACAATGCG,1.450,7.771,0.399,0.536,0.776
CCCCACCTCTTCTTCTTTTCTAGAGTTGCTGCTGGGAGCTCCTCCACAGTGAAATGGACAGAAGGGCAGAGCAAGTGAGTGGACAATGCG,2.366,12.685,0.689,1.243,0.961
CCCCACCTCTTCTTCTTTTCTAGAGTTGCTGCTGGGAGCTCCTGCACAGTGAAATGGACAGAAGGGCAGAGCAAGTGAGTGGACAATGCG,2.622,14.056,0.770,1.391,1.000
CCCCACCTCTTCTTCTTTTCTAGAGTTGCTGCTGGGAGCTCCTTCACAGTGAAATGGACAGAAGGGCAGAGCAAGTGAGTGGACAATGCG,1.906,10.217,0.544,0.931,0.879
CCCCACCTCTTCTTCTTTTCTAGAGTTGCTGCTGGGAGCTCCAAAACAGTGAAATGGACAGAAGGGCAGAGCAAGTGAGTGGACAATGCG,1.168,6.262,0.310,0.224,0.694
CCCCACCTCTTCTTCTTTTCTAGAGTTGCTGCTGGGAGCTCCAACACAGTGAAATGGACAGAAGGGCAGAGCAAGTGAGTGGACAATGCG,1.745,9.355,0.493,0.803,0.846
CCCCACCTCTTCTTCTTTTCTAGAGTTGCTGCTGGGAGCTCCAAGACAGTGAAATGGACAGAAGGGCAGAGCAAGTGAGTGGACAATGCG,2.362,12.663,0.688,1.240,0.960
CCCCACCTCTTCTTCTTTTCTAGAGTTGCTGCTGGGAGCTCCAATACAGTGAAATGGACAGAAGGGCAGAGCAAGTGAGTGGACAATGCG,1.189,6.375,0.317,0.250,0.701
CCCCACCTCTTCTTCTTTTCTAGAGTTGCTGCTGGGAGCTCCACAACAGTGAAATGGACAGAAGGGCAGAGCAAGTGAGTGGACAATGCG,2.176,11.666,0.629,1.122,0.929
CCCCACCTCTTCTTCTTTTCTAGAGTTGCTGCTGGGAGCTCCACCACAGTGAAATGGACAGAAGGGCAGAGCAAGTGAGTGGACAATGCG,2.639,14.144,0.775,1.400,1.002
CCCCACCTCTTCTTCTTTTCTAGAGTTGCTGCTGGGAGCTCCACGACAGTGAAATGGACAGAAGGGCAGAGCAAGTGAGTGGACAATGCG,3.350,17.956,1.000,1.744,1.092
CCCCACCTCTTCTTCTTTTCTAGAGTTGCTGCTGGGAGCTCCACTACAGTGAAATGGACAGAAGGGCAGAGCAAGTGAGTGGACAATGCG,2.407,12.905,0.702,1.267,0.967
CCCCACCTCTTCTTCTTTTCTAGAGTTGCTGCTGGGAGCTCCATAACAGTGAAATGGACAGAAGGGCAGAGCAAGTGAGTGGACAATGCG,1.054,5.651,0.274,0.076,0.655
CCCCACCTCTTCTTCTTTTCTAGAGTTGCTGCTGGGAGCTCCATCACAGTGAAATGGACAGAAGGGCAGAGCAAGTGAGTGGACAATGCG,1.516,8.127,0.420,0.600,0.793
CCCCACCTCTTCTTCTTTTCTAGAGTTGCTGCTGGGAGCTCCATGACAGTGAAATGGACAGAAGGGCAGAGCAAGTGAGTGGACAATGCG,2.394,12.831,0.698,1.259,0.965
CCCCACCTCTTCTTCTTTTCTAGAGTTGCTGCTGGGAGCTCCATTACAGTGAAATGGACAGAAGGGCAGAGCAAGTGAGTGGACAATGCG,0.890,4.770,0.222,-0.168,0.591
CCCCACCTCTTCTTCTTTTCTAGAGTTGCTGCTGGGAGCTCCAGAACAGTGAAATGGACAGAAGGGCAGAGCAAGTGAGTGGACAATGCG,2.086,11.180,0.600,1.060,0.913
CCCCACCTCTTCTTCTTTTCTAGAGTTGCTGCTGGGAGCTCCAGACCAGTGAAATGGACAGAAGGGCAGAGCAAGTGAGTGGACAATGCG,2.971,15.924,0.880,1.571,1.047
CCCCACCTCTTCTTCTTTTCTAGAGTTGCTGCTGGGAGCTCCAGAGCAGTGAAATGGACAGAAGGGCAGAGCAAGTGAGTGGACAATGCG,1.758,9.422,0.497,0.814,0.848
CCCCACCTCTTCTTCTTTTCTAGAGTTGCTGCTGGGAGCTCCAGATCAGTGAAATGGACAGAAGGGCAGAGCAAGTGAGTGGACAATGCG,1.556,8.340,0.433,0.638,0.802
CCCCACCTCTTCTTCTTTTCTAGAGTTGCTGCTGGGAGCTCCAGGACAGTGAAATGGACAGAAGGGCAGAGCAAGTGAGTGGACAATGCG,2.760,14.792,0.813,1.464,1.019
CCCCACCTCTTCTTCTTTTCTAGAGTTGCTGCTGGGAGCTCCAGGCCAGTGAAATGGACAGAAGGGCAGAGCAAGTGAGTGGACAATGCG,1.362,7.301,0.372,0.446,0.752
CCCCACCTCTTCTTCTTTTCTAGAGTTGCTGCTGGGAGCTCCAGGGCAGTGAAATGGACAGAAGGGCAGAGCAAGTGAGTGGACAATGCG,1.069,5.730,0.279,0.096,0.660
CCCCACCTCTTCTTCTTTTCTAGAGTTGCTGCTGGGAGCTCCAGGTCAGTGAAATGGACAGAAGGGCAGAGCAAGTGAGTGGACAATGCG,0.496,2.661,0.098,-1.010,0.370
CCCCACCTCTTCTTCTTTTCTAGAGTTGCTGCTGGGAGCTCCAGTACAGTGAAATGGACAGAAGGGCAGAGCAAGTGAGTGGACAATGCG,1.272,6.816,0.343,0.347,0.726
CCCCACCTCTTCTTCTTTTCTAGAGTTGCTGCTGGGAGCTCCAGTCCAGTGAAATGGACAGAAGGGCAGAGCAAGTGAGTGGACAATGCG,1.242,6.657,0.334,0.313,0.717
CCCCACCTCTTCTTCTTTTCTAGAGTTGCTGCTGGGAGCTCCAGTGCAGTGAAATGGACAGAAGGGCAGAGCAAGTGAGTGGACAATGCG,1.766,9.465,0.499,0.820,0.850
CCCCACCTCTTCTTCTTTTCTAGAGTTGCTGCTGGGAGCTCCAGTTCAGTGAAATGGACAGAAGGGCAGAGCAAGTGAGTGGACAATGCG,1.188,6.366,0.316,0.248,0.700
CCCCACCTCTTCTTCTTTTCTAGAGTTGCTGCTGGGAGCTCCAGCCAAGTGAAATGGACAGAAGGGCAGAGCAAGTGAGTGGACAATGCG,0.968,5.188,0.247,-0.047,0.623
CCCCACCTCTTCTTCTTTTCTAGAGTTGCTGCTGGGAGCTCCAGCCCAGTGAAATGGACAGAAGGGCAGAGCAAGTGAGTGGACAATGCG,0.646,3.464,0.145,-0.630,0.470
CCCCACCTCTTCTTCTTTTCTAGAGTTGCTGCTGGGAGCTCCAGCCGAGTGAAATGGACAGAAGGGCAGAGCAAGTGAGTGGACAATGCG,2.288,12.263,0.664,1.194,0.948
CCCCACCTCTTCTTCTTTTCTAGAGTTGCTGCTGGGAGCTCCAGCCTAGTGAAATGGACAGAAGGGCAGAGCAAGTGAGTGGACAATGCG,0.256,1.375,0.022,-1.963,0.120
CCCCACCTCTTCTTCTTTTCTAGAGTTGCTGCTGGGAGCTCCAGCGAAGTGAAATGGACAGAAGGGCAGAGCAAGTGAGTGGACAATGCG,1.562,8.371,0.435,0.643,0.804
CCCCACCTCTTCTTCTTTTCTAGAGTTGCTGCTGGGAGCTCCAGCGCAGTGAAATGGACAGAAGGGCAGAGCAAGTGAGTGGACAATGCG,0.414,2.219,0.072,-1.273,0.301
CCCCACCTCTTCTTCTTTTCTAGAGTTGCTGCTGGGAGCTCCAGCGGAGTGAAATGGACAGAAGGGCAGAGCAAGTGAGTGGACAATGCG,1.644,8.811,0.461,0.717,0.823
CCCCACCTCTTCTTCTTTTCTAGAGTTGCTGCTGGGAGCTCCAGCGTAGTGAAATGGACAGAAGGGCAGAGCAAGTGAGTGGACAATGCG,0.167,0.894,-0.106,-2.583,-0.032
CCCCACCTCTTCTTCTTTTCTAGAGTTGCTGCTGGGAGCTCCAGCTAAGTGAAATGGACAGAAGGGCAGAGCAAGTGAGTGGACAATGCG,0.217,1.166,0.010,-2.201,0.058
CCCCACCTCTTCTTCTTTTCTAGAGTTGCTGCTGGGAGCTCCAGCTCAGTGAAATGGACAGAAGGGCAGAGCAAGTGAGTGGACAATGCG,0.475,2.548,0.091,-1.073,0.354
CCCCACCTCTTCTTCTTTTCTAGAGTTGCTGCTGGGAGCTCCAGCTGAGTGAAATGGACAGAAGGGCAGAGCAAGTGAGTGGACAATGCG,0.960,5.148,0.245,-0.058,0.620
CCCCACCTCTTCTTCTTTTCTAGAGTTGCTGCTGGGAGCTCCAGCTTAGTGAAATGGACAGAAGGGCAGAGCAAGTGAGTGGACAATGCG,0.078,0.418,-0.582,-3.680,-0.249
CCCCACCTCTTCTTCTTTTCTAGAGTTGCTGCTGGGAGCTCCAGCAAAGTGAAATGGACAGAAGGGCAGAGCAAGTGAGTGGACAATGCG,0.223,1.193,0.011,-2.168,0.067
CCCCACCTCTTCTTCTTTTCTAGAGTTGCTGCTGGGAGCTCCAGCAACGTGAAATGGACAGAAGGGCAGAGCAAGTGAGTGGACAATGCG,0.728,3.903,0.171,-0.458,0.515
CCCCACCTCTTCTTCTTTTCTAGAGTTGCTGCTGGGAGCTCCAGCAAGGTGAAATGGACAGAAGGGCAGAGCAAGTGAGTGGACAATGCG,0.315,1.688,0.041,-1.667,0.198
CCCCACCTCTTCTTCTTTTCTAGAGTTGCTGCTGGGAGCTCCAGCAATGTGAAATGGACAGAAGGGCAGAGCAAGTGAGTGGACAATGCG,0.160,0.860,-0.140,-2.640,-0.043
CCCCACCTCTTCTTCTTTTCTAGAGTTGCTGCTGGGAGCTCCAGCAGAGTGAAATGGACAGAAGGGCAGAGCAAGTGAGTGGACAATGCG,0.034,0.181,-0.819,-4.890,-0.489
CCCCACCTCTTCTTCTTTTCTAGAGTTGCTGCTGGGAGCTCCAGCAGCGTGAAATGGACAGAAGGGCAGAGCAAGTGAGTGGACAATGCG,0.037,0.201,-0.799,-4.737,-0.459
CCCCACCTCTTCTTCTTTTCTAGAGTTGCTGCTGGGAGCTCCAGCAGGGTGAAATGGACAGAAGGGCAGAGCAAGTGAGTGGACAATGCG,0.033,0.174,-0.826,-4.941,-0.499
CCCCACCTCTTCTTCTTTTCTAGAGTTGCTGCTGGGAGCTCCAGCAGTGTGAAATGGACAGAAGGGCAGAGCAAGTGAGTGGACAATGCG,0.019,0.104,-0.896,-5.691,-0.648
CCCCACCTCTTCTTCTTTTCTAGAGTTGCTGCTGGGAGCTCCAGCATAGTGAAATGGACAGAAGGGCAGAGCAAGTGAGTGGACAATGCG,0.047,0.253,-0.747,-4.404,-0.393
CCCCACCTCTTCTTCTTTTCTAGAGTTGCTGCTGGGAGCTCCAGCATCGTGAAATGGACAGAAGGGCAGAGCAAGTGAGTGGACAATGCG,1.231,6.601,0.330,0.300,0.714
CCCCACCTCTTCTTCTTTTCTAGAGTTGCTGCTGGGAGCTCCAGCATGGTGAAATGGACAGAAGGGCAGAGCAAGTGAGTGGACAATGCG,0.487,2.611,0.095,-1.038,0.363
CCCCACCTCTTCTTCTTTTCTAGAGTTGCTGCTGGGAGCTCCAGCATTGTGAAATGGACAGAAGGGCAGAGCAAGTGAGTGGACAATGCG,0.208,1.115,0.007,-2.265,0.041
CCCCACCTCTTCTTCTTTTCTAGAGTTGCTGCTGGGAGCTCCAGCACCATGAAATGGACAGAAGGGCAGAGCAAGTGAGTGGACAATGCG,0.448,2.400,0.083,-1.159,0.331
CCCCACCTCTTCTTCTTTTCTAGAGTTGCTGCTGGGAGCTCCAGCACCCTGAAATGGACAGAAGGGCAGAGCAAGTGAGTGGACAATGCG,0.435,2.332,0.079,-1.201,0.320
CCCCACCTCTTCTTCTTTTCTAGAGTTGCTGCTGGGAGCTCCAGCACCGTGAAATGGACAGAAGGGCAGAGCAAGTGAGTGGACAATGCG,1.104,5.916,0.290,0.142,0.672
CCCCACCTCTTCTTCTTTTCTAGAGTTGCTGCTGGGAGCTCCAGCACCTTGAAATGGACAGAAGGGCAGAGCAAGTGAGTGGACAATGCG,0.368,1.974,0.057,-1.441,0.257
CCCCACCTCTTCTTCTTTTCTAGAGTTGCTGCTGGGAGCTCCAGCACGATGAAATGGACAGAAGGGCAGAGCAAGTGAGTGGACAATGCG,0.573,3.070,0.122,-0.804,0.424
CCCCACCTCTTCTTCTTTTCTAGAGTTGCTGCTGGGAGCTCCAGCACGCTGAAATGGACAGAAGGGCAGAGCAAGTGAGTGGACAATGCG,0.272,1.457,0.027,-1.879,0.142
CCCCACCTCTTCTTCTTTTCTAGAGTTGCTGCTGGGAGCTCCAGCACGGTGAAATGGACAGAAGGGCAGAGCAAGTGAGTGGACAATGCG,0.595,3.189,0.129,-0.749,0.439
CCCCACCTCTTCTTCTTTTCTAGAGTTGCTGCTGGGAGCTCCAGCACGTTGAAATGGACAGAAGGGCAGAGCAAGTGAGTGGACAATGCG,0.326,1.750,0.044,-1.615,0.212
CCCCACCTCTTCTTCTTTTCTAGAGTTGCTGCTGGGAGCTCCAGCACTATGAAATGGACAGAAGGGCAGAGCAAGTGAGTGGACAATGCG,0.136,0.730,-0.270,-2.877,-0.090
CCCCACCTCTTCTTCTTTTCTAGAGTTGCTGCTGGGAGCTCCAGCACTCTGAAATGGACAGAAGGGCAGAGCAAGTGAGTGGACAATGCG,0.235,1.262,0.015,-2.086,0.088
CCCCACCTCTTCTTCTTTTCTAGAGTTGCTGCTGGGAGCTCCAGCACTGTGAAATGGACAGAAGGGCAGAGCAAGTGAGTGGACAATGCG,0.241,1.293,0.017,-2.051,0.097
CCCCACCTCTTCTTCTTTTCTAGAGTTGCTGCTGGGAGCTCCAGCACTTTGAAATGGACAGAAGGGCAGAGCAAGTGAGTGGACAATGCG,0.083,0.444,-0.556,-3.595,-0.233
CCCCACCTCTTCTTCTTTTCTAGAGTTGCTGCTGGGAGCTCCAGCACAAAGAAATGGACAGAAGGGCAGAGCAAGTGAGTGGACAATGCG,0.101,0.542,-0.458,-3.307,-0.175
CCCCACCTCTTCTTCTTTTCTAGAGTTGCTGCTGGGAGCTCCAGCACAACGAAATGGACAGAAGGGCAGAGCAAGTGAGTGGACAATGCG,0.017,0.094,-0.906,-5.839,-0.677
CCCCACCTCTTCTTCTTTTCTAGAGTTGCTGCTGGGAGCTCCAGCACAAGGAAATGGACAGAAGGGCAGAGCAAGTGAGTGGACAATGCG,0.311,1.669,0.039,-1.683,0.194
CCCCACCTCTTCTTCTTTTCTAGAGTTGCTGCTGGGAGCTCCAGCACAATGAAATGGACAGAAGGGCAGAGCAAGTGAGTGGACAATGCG,0.094,0.505,-0.495,-3.407,-0.195
CCCCACCTCTTCTTCTTTTCTAGAGTTGCTGCTGGGAGCTCCAGCACACAGAAATGGACAGAAGGGCAGAGCAAGTGAGTGGACAATGCG,0.110,0.591,-0.409,-3.182,-0.151
CCCCACCTCTTCTTCTTTTCTAGAGTTGCTGCTGGGAGCTCCAGCACACCGAAATGGACAGAAGGGCAGAGCAAGTGAGTGGACAATGCG,0.584,3.133,0.126,-0.775,0.432
CCCCACCTCTTCTTCTTTTCTAGAGTTGCTGCTGGGAGCTCCAGCACACGGAAATGGACAGAAGGGCAGAGCAAGTGAGTGGACAATGCG,0.615,3.299,0.136,-0.700,0.451
CCCCACCTCTTCTTCTTTTCTAGAGTTGCTGCTGGGAGCTCCAGCACACTGAAATGGACAGAAGGGCAGAGCAAGTGAGTGGACAATGCG,0.156,0.839,-0.161,-2.676,-0.050
CCCCACCTCTTCTTCTTTTCTAGAGTTGCTGCTGGGAGCTCCAGCACATAGAAATGGACAGAAGGGCAGAGCAAGTGAGTGGACAATGCG,0.032,0.169,-0.831,-4.986,-0.508
CCCCACCTCTTCTTCTTTTCTAGAGTTGCTGCTGGGAGCTCCAGCACATCGAAATGGACAGAAGGGCAGAGCAAGTGAGTGGACAATGCG,0.588,3.151,0.127,-0.767,0.434
CCCCACCTCTTCTTCTTTTCTAGAGTTGCTGCTGGGAGCTCCAGCACATGGAAATGGACAGAAGGGCAGAGCAAGTGAGTGGACAATGCG,0.394,2.112,0.066,-1.343,0.283
CCCCACCTCTTCTTCTTTTCTAGAGTTGCTGCTGGGAGCTCCAGCACATTGAAATGGACAGAAGGGCAGAGCAAGTGAGTGGACAATGCG,0.137,0.733,-0.267,-2.870,-0.089
CCCCACCTCTTCTTCTTTTCTAGAGTTGCTGCTGGGAGCTCCAGCACAGAAAAATGGACAGAAGGGCAGAGCAAGTGAGTGGACAATGCG,0.181,0.968,-0.032,-2.469,-0.009
CCCCACCTCTTCTTCTTTTCTAGAGTTGCTGCTGGGAGCTCCAGCACAGACAAATGGACAGAAGGGCAGAGCAAGTGAGTGGACAATGCG,0.192,1.032,0.002,-2.377,0.012
CCCCACCTCTTCTTCTTTTCTAGAGTTGCTGCTGGGAGCTCCAGCACAGAGAAATGGACAGAAGGGCAGAGCAAGTGAGTGGACAATGCG,0.201,1.075,0.004,-2.318,0.027
CCCCACCTCTTCTTCTTTTCTAGAGTTGCTGCTGGGAGCTCCAGCACAGATAAATGGACAGAAGGGCAGAGCAAGTGAGTGGACAATGCG,0.026,0.140,-0.860,-5.262,-0.563
CCCCACCTCTTCTTCTTTTCTAGAGTTGCTGCTGGGAGCTCCAGCACAGCAAAATGGACAGAAGGGCAGAGCAAGTGAGTGGACAATGCG,0.065,0.350,-0.650,-3.935,-0.300
CCCCACCTCTTCTTCTTTTCTAGAGTTGCTGCTGGGAGCTCCAGCACAGCCAAATGGACAGAAGGGCAGAGCAAGTGAGTGGACAATGCG,0.105,0.563,-0.437,-3.251,-0.164
CCCCACCTCTTCTTCTTTTCTAGAGTTGCTGCTGGGAGCTCCAGCACAGCGAAATGGACAGAAGGGCAGAGCAAGTGAGTGGACAATGCG,0.360,1.928,0.055,-1.475,0.248
CCCCACCTCTTCTTCTTTTCTAGAGTTGCTGCTGGGAGCTCCAGCACAGCTAAATGGACAGAAGGGCAGAGCAAGTGAGTGGACAATGCG,0.006,0.034,-0.966,-7.318,-0.971
CCCCACCTCTTCTTCTTTTCTAGAGTTGCTGCTGGGAGCTCCAGCACAGGAAAATGGACAGAAGGGCAGAGCAAGTGAGTGGACAATGCG,0.354,1.896,0.053,-1.500,0.242
CCCCACCTCTTCTTCTTTTCTAGAGTTGCTGCTGGGAGCTCCAGCACAGGCAAATGGACAGAAGGGCAGAGCAAGTGAGTGGACAATGCG,0.101,0.539,-0.461,-3.314,-0.177
CCCCACCTCTTCTTCTTTTCTAGAGTTGCTGCTGGGAGCTCCAGCACAGGGAAATGGACAGAAGGGCAGAGCAAGTGAGTGGACAATGCG,0.062,0.333,-0.667,-4.008,-0.314
CCCCACCTCTTCTTCTTTTCTAGAGTTGCTGCTGGGAGCTCCAGCACAGGTAAATGGACAGAAGGGCAGAGCAAGTGAGTGGACAATGCG,0.001,0.007,-0.993,-9.494,-1.402
CCCCACCTCTTCTTCTTTTCTAGAGTTGCTGCTGGGAGCTCCAGCACAGTAAAATGGACAGAAGGGCAGAGCAAGTGAGTGGACAATGCG,0.014,0.074,-0.926,-6.181,-0.745
CCCCACCTCTTCTTCTTTTCTAGAGTTGCTGCTGGGAGCTCCAGCACAGTACAATGGACAGAAGGGCAGAGCAAGTGAGTGGACAATGCG,0.070,0.377,-0.623,-3.830,-0.279
CCCCACCTCTTCTTCTTTTCTAGAGTTGCTGCTGGGAGCTCCAGCACAGTAGAATGGACAGAAGGGCAGAGCAAGTGAGTGGACAATGCG,0.037,0.196,-0.804,-4.775,-0.466
CCCCACCTCTTCTTCTTTTCTAGAGTTGCTGCTGGGAGCTCCAGCACAGTATAATGGACAGAAGGGCAGAGCAAGTGAGTGGACAATGCG,0.009,0.048,-0.952,-6.797,-0.867
CCCCACCTCTTCTTCTTTTCTAGAGTTGCTGCTGGGAGCTCCAGCACAGTCAAATGGACAGAAGGGCAGAGCAAGTGAGTGGACAATGCG,0.104,0.557,-0.443,-3.266,-0.167
CCCCACCTCTTCTTCTTTTCTAGAGTTGCTGCTGGGAGCTCCAGCACAGTCCAATGGACAGAAGGGCAGAGCAAGTGAGTGGACAATGCG,0.118,0.635,-0.365,-3.078,-0.130
CCCCACCTCTTCTTCTTTTCTAGAGTTGCTGCTGGGAGCTCCAGCACAGTCGAATGGACAGAAGGGCAGAGCAAGTGAGTGGACAATGCG,0.405,2.171,0.069,-1.304,0.293
CCCCACCTCTTCTTCTTTTCTAGAGTTGCTGCTGGGAGCTCCAGCACAGTCTAATGGACAGAAGGGCAGAGCAAGTGAGTGGACAATGCG,0.056,0.298,-0.702,-4.168,-0.346
CCCCACCTCTTCTTCTTTTCTAGAGTTGCTGCTGGGAGCTCCAGCACAGTTAAATGGACAGAAGGGCAGAGCAAGTGAGTGGACAATGCG,0.023,0.122,-0.878,-5.462,-0.603
CCCCACCTCTTCTTCTTTTCTAGAGTTGCTGCTGGGAGCTCCAGCACAGTTCAATGGACAGAAGGGCAGAGCAAGTGAGTGGACAATGCG,0.067,0.357,-0.643,-3.910,-0.295
CCCCACCTCTTCTTCTTTTCTAGAGTTGCTGCTGGGAGCTCCAGCACAGTTGAATGGACAGAAGGGCAGAGCAAGTGAGTGGACAATGCG,0.088,0.469,-0.531,-3.514,-0.216
CCCCACCTCTTCTTCTTTTCTAGAGTTGCTGCTGGGAGCTCCAGCACAGTTTAATGGACAGAAGGGCAGAGCAAGTGAGTGGACAATGCG,0.009,0.051,-0.949,-6.724,-0.853
CCCCACCTCTTCTTCTTTTCTAGAGTTGCTGCTGGGAGCTCCAGCACAGTGCAATGGACAGAAGGGCAGAGCAAGTGAGTGGACAATGCG,0.090,0.484,-0.516,-3.469,-0.208
CCCCACCTCTTCTTCTTTTCTAGAGTTGCTGCTGGGAGCTCCAGCACAGTGCCATGGACAGAAGGGCAGAGCAAGTGAGTGGACAATGCG,0.418,2.239,0.073,-1.259,0.305
CCCCACCTCTTCTTCTTTTCTAGAGTTGCTGCTGGGAGCTCCAGCACAGTGCGATGGACAGAAGGGCAGAGCAAGTGAGTGGACAATGCG,0.677,3.631,0.155,-0.562,0.488
CCCCACCTCTTCTTCTTTTCTAGAGTTGCTGCTGGGAGCTCCAGCACAGTGCTATGGACAGAAGGGCAGAGCAAGTGAGTGGACAATGCG,0.078,0.419,-0.581,-3.677,-0.249
CCCCACCTCTTCTTCTTTTCTAGAGTTGCTGCTGGGAGCTCCAGCACAGTGGAATGGACAGAAGGGCAGAGCAAGTGAGTGGACAATGCG,0.272,1.459,0.027,-1.878,0.143
CCCCACCTCTTCTTCTTTTCTAGAGTTGCTGCTGGGAGCTCCAGCACAGTGGCATGGACAGAAGGGCAGAGCAAGTGAGTGGACAATGCG,0.022,0.117,-0.883,-5.519,-0.614
CCCCACCTCTTCTTCTTTTCTAGAGTTGCTGCTGGGAGCTCCAGCACAGTGGGATGGACAGAAGGGCAGAGCAAGTGAGTGGACAATGCG,0.114,0.613,-0.387,-3.129,-0.140
CCCCACCTCTTCTTCTTTTCTAGAGTTGCTGCTGGGAGCTCCAGCACAGTGGTATGGACAGAAGGGCAGAGCAAGTGAGTGGACAATGCG,0.029,0.155,-0.845,-5.115,-0.534
CCCCACCTCTTCTTCTTTTCTAGAGTTGCTGCTGGGAGCTCCAGCACAGTGTAATGGACAGAAGGGCAGAGCAAGTGAGTGGACAATGCG,0.029,0.158,-0.842,-5.084,-0.528
CCCCACCTCTTCTTCTTTTCTAGAGTTGCTGCTGGGAGCTCCAGCACAGTGTCATGGACAGAAGGGCAGAGCAAGTGAGTGGACAATGCG,0.119,0.638,-0.362,-3.070,-0.128
CCCCACCTCTTCTTCTTTTCTAGAGTTGCTGCTGGGAGCTCCAGCACAGTGTGATGGACAGAAGGGCAGAGCAAGTGAGTGGACAATGCG,0.237,1.270,0.016,-2.078,0.090
CCCCACCTCTTCTTCTTTTCTAGAGTTGCTGCTGGGAGCTCCAGCACAGTGTTATGGACAGAAGGGCAGAGCAAGTGAGTGGACAATGCG,0.039,0.209,-0.791,-4.682,-0.448
CCCCACCTCTTCTTCTTTTCTAGAGTTGCTGCTGGGAGCTCCAGCACAGTGACATGGACAGAAGGGCAGAGCAAGTGAGTGGACAATGCG,0.184,0.986,-0.014,-2.442,-0.004
CCCCACCTCTTCTTCTTTTCTAGAGTTGCTGCTGGGAGCTCCAGCACAGTGACCTGGACAGAAGGGCAGAGCAAGTGAGTGGACAATGCG,0.337,1.805,0.047,-1.570,0.223
CCCCACCTCTTCTTCTTTTCTAGAGTTGCTGCTGGGAGCTCCAGCACAGTGACGTGGACAGAAGGGCAGAGCAAGTGAGTGGACAATGCG,0.410,2.198,0.071,-1.286,0.298
CCCCACCTCTTCTTCTTTTCTAGAGTTGCTGCTGGGAGCTCCAGCACAGTGACTTGGACAGAAGGGCAGAGCAAGTGAGTGGACAATGCG,0.103,0.554,-0.446,-3.273,-0.169
CCCCACCTCTTCTTCTTTTCTAGAGTTGCTGCTGGGAGCTCCAGCACAGTGAGATGGACAGAAGGGCAGAGCAAGTGAGTGGACAATGCG,0.182,0.975,-0.025,-2.458,-0.007
CCCCACCTCTTCTTCTTTTCTAGAGTTGCTGCTGGGAGCTCCAGCACAGTGAGCTGGACAGAAGGGCAGAGCAAGTGAGTGGACAATGCG,0.126,0.674,-0.326,-2.993,-0.113
CCCCACCTCTTCTTCTTTTCTAGAGTTGCTGCTGGGAGCTCCAGCACAGTGAGGTGGACAGAAGGGCAGAGCAAGTGAGTGGACAATGCG,0.012,0.063,-0.937,-6.413,-0.791
CCCCACCTCTTCTTCTTTTCTAGAGTTGCTGCTGGGAGCTCCAGCACAGTGAGTTGGACAGAAGGGCAGAGCAAGTGAGTGGACAATGCG,0.022,0.120,-0.880,-5.483,-0.607
CCCCACCTCTTCTTCTTTTCTAGAGTTGCTGCTGGGAGCTCCAGCACAGTGATATGGACAGAAGGGCAGAGCAAGTGAGTGGACAATGCG,0.064,0.346,-0.654,-3.956,-0.304
CCCCACCTCTTCTTCTTTTCTAGAGTTGCTGCTGGGAGCTCCAGCACAGTGATCTGGACAGAAGGGCAGAGCAAGTGAGTGGACAATGCG,0.202,1.081,0.005,-2.310,0.029
CCCCACCTCTTCTTCTTTTCTAGAGTTGCTGCTGGGAGCTCCAGCACAGTGATGTGGACAGAAGGGCAGAGCAAGTGAGTGGACAATGCG,0.155,0.828,-0.172,-2.694,-0.054
CCCCACCTCTTCTTCTTTTCTAGAGTTGCTGCTGGGAGCTCCAGCACAGTGATTTGGACAGAAGGGCAGAGCAAGTGAGTGGACAATGCG,0.087,0.466,-0.534,-3.523,-0.218
CCCCACCTCTTCTTCTTTTCTAGAGTTGCTGCTGGGAGCTCCAGCACAGTGAACAGGACAGAAGGGCAGAGCAAGTGAGTGGACAATGCG,0.066,0.354,-0.646,-3.919,-0.297
CCCCACCTCTTCTTCTTTTCTAGAGTTGCTGCTGGGAGCTCCAGCACAGTGAACCGGACAGAAGGGCAGAGCAAGTGAGTGGACAATGCG,0.643,3.448,0.144,-0.636,0.468
CCCCACCTCTTCTTCTTTTCTAGAGTTGCTGCTGGGAGCTCCAGCACAGTGAACGGGACAGAAGGGCAGAGCAAGTGAGTGGACAATGCG,0.373,2.002,0.059,-1.421,0.262
CCCCACCTCTTCTTCTTTTCTAGAGTTGCTGCTGGGAGCTCCAGCACAGTGAACTGGACAGAAGGGCAGAGCAAGTGAGTGGACAATGCG,0.288,1.542,0.032,-1.797,0.164
CCCCACCTCTTCTTCTTTTCTAGAGTTGCTGCTGGGAGCTCCAGCACAGTGAAGAGGACAGAAGGGCAGAGCAAGTGAGTGGACAATGCG,1.082,5.800,0.283,0.114,0.665
CCCCACCTCTTCTTCTTTTCTAGAGTTGCTGCTGGGAGCTCCAGCACAGTGAAGCGGACAGAAGGGCAGAGCAAGTGAGTGGACAATGCG,0.990,5.307,0.254,-0.014,0.631
CCCCACCTCTTCTTCTTTTCTAGAGTTGCTGCTGGGAGCTCCAGCACAGTGAAGGGGACAGAAGGGCAGAGCAAGTGAGTGGACAATGCG,0.104,0.557,-0.443,-3.266,-0.167
CCCCACCTCTTCTTCTTTTCTAGAGTTGCTGCTGGGAGCTCCAGCACAGTGAAGTGGACAGAAGGGCAGAGCAAGTGAGTGGACAATGCG,0.255,1.369,0.022,-1.970,0.119
CCCCACCTCTTCTTCTTTTCTAGAGTTGCTGCTGGGAGCTCCAGCACAGTGAATAGGACAGAAGGGCAGAGCAAGTGAGTGGACAATGCG,0.008,0.041,-0.959,-7.035,-0.914
CCCCACCTCTTCTTCTTTTCTAGAGTTGCTGCTGGGAGCTCCAGCACAGTGAATCGGACAGAAGGGCAGAGCAAGTGAGTGGACAATGCG,0.301,1.613,0.036,-1.732,0.181
CCCCACCTCTTCTTCTTTTCTAGAGTTGCTGCTGGGAGCTCCAGCACAGTGAATGGGACAGAAGGGCAGAGCAAGTGAGTGGACAATGCG,0.056,0.300,-0.700,-4.158,-0.344
CCCCACCTCTTCTTCTTTTCTAGAGTTGCTGCTGGGAGCTCCAGCACAGTGAATTGGACAGAAGGGCAGAGCAAGTGAGTGGACAATGCG,0.159,0.854,-0.146,-2.650,-0.045
CCCCACCTCTTCTTCTTTTCTAGAGTTGCTGCTGGGAGCTCCAGCACAGTGAAAAAGACAGAAGGGCAGAGCAAGTGAGTGGACAATGCG,0.056,0.299,-0.701,-4.163,-0.345
CCCCACCTCTTCTTCTTTTCTAGAGTTGCTGCTGGGAGCTCCAGCACAGTGAAAACGACAGAAGGGCAGAGCAAGTGAGTGGACAATGCG,0.181,0.971,-0.029,-2.464,-0.008
CCCCACCTCTTCTTCTTTTCTAGAGTTGCTGCTGGGAGCTCCAGCACAGTGAAAAGGACAGAAGGGCAGAGCAAGTGAGTGGACAATGCG,0.107,0.576,-0.424,-3.219,-0.158
CCCCACCTCTTCTTCTTTTCTAGAGTTGCTGCTGGGAGCTCCAGCACAGTGAAAATGACAGAAGGGCAGAGCAAGTGAGTGGACAATGCG,0.066,0.352,-0.648,-3.928,-0.298
CCCCACCTCTTCTTCTTTTCTAGAGTTGCTGCTGGGAGCTCCAGCACAGTGAAACAGACAGAAGGGCAGAGCAAGTGAGTGGACAATGCG,0.035,0.190,-0.810,-4.821,-0.476
CCCCACCTCTTCTTCTTTTCTAGAGTTGCTGCTGGGAGCTCCAGCACAGTGAAACCGACAGAAGGGCAGAGCAAGTGAGTGGACAATGCG,0.303,1.624,0.037,-1.723,0.183
CCCCACCTCTTCTTCTTTTCTAGAGTTGCTGCTGGGAGCTCCAGCACAGTGAAACGGACAGAAGGGCAGAGCAAGTGAGTGGACAATGCG,0.336,1.799,0.047,-1.575,0.222
CCCCACCTCTTCTTCTTTTCTAGAGTTGCTGCTGGGAGCTCCAGCACAGTGAAACTGACAGAAGGGCAGAGCAAGTGAGTGGACAATGCG,0.053,0.282,-0.718,-4.248,-0.362
CCCCACCTCTTCTTCTTTTCTAGAGTTGCTGCTGGGAGCTCCAGCACAGTGAAAGAGACAGAAGGGCAGAGCAAGTGAGTGGACAATGCG,0.042,0.225,-0.775,-4.575,-0.427
CCCCACCTCTTCTTCTTTTCTAGAGTTGCTGCTGGGAGCTCCAGCACAGTGAAAGCGACAGAAGGGCAGAGCAAGTGAGTGGACAATGCG,0.143,0.764,-0.236,-2.811,-0.077
CCCCACCTCTTCTTCTTTTCTAGAGTTGCTGCTGGGAGCTCCAGCACAGTGAAAGGGACAGAAGGGCAGAGCAAGTGAGTGGACAATGCG,0.011,0.057,-0.943,-6.561,-0.820
CCCCACCTCTTCTTCTTTTCTAGAGTTGCTGCTGGGAGCTCCAGCACAGTGAAAGTGACAGAAGGGCAGAGCAAGTGAGTGGACAATGCG,0.031,0.165,-0.835,-5.021,-0.515
CCCCACCTCTTCTTCTTTTCTAGAGTTGCTGCTGGGAGCTCCAGCACAGTGAAATAAACAGAAGGGCAGAGCAAGTGAGTGGACAATGCG,0.010,0.054,-0.946,-6.632,-0.835
CCCCACCTCTTCTTCTTTTCTAGAGTTGCTGCTGGGAGCTCCAGCACAGTGAAATACACAGAAGGGCAGAGCAAGTGAGTGGACAATGCG,0.010,0.054,-0.946,-6.635,-0.835
CCCCACCTCTTCTTCTTTTCTAGAGTTGCTGCTGGGAGCTCCAGCACAGTGAAATAGACAGAAGGGCAGAGCAAGTGAGTGGACAATGCG,0.013,0.069,-0.931,-6.273,-0.763
CCCCACCTCTTCTTCTTTTCTAGAGTTGCTGCTGGGAGCTCCAGCACAGTGAAATATACAGAAGGGCAGAGCAAGTGAGTGGACAATGCG,0.012,0.065,-0.935,-6.362,-0.781
CCCCACCTCTTCTTCTTTTCTAGAGTTGCTGCTGGGAGCTCCAGCACAGTGAAATCAACAGAAGGGCAGAGCAAGTGAGTGGACAATGCG,0.066,0.353,-0.647,-3.923,-0.298
CCCCACCTCTTCTTCTTTTCTAGAGTTGCTGCTGGGAGCTCCAGCACAGTGAAATCCACAGAAGGGCAGAGCAAGTGAGTGGACAATGCG,0.046,0.244,-0.756,-4.456,-0.403
CCCCACCTCTTCTTCTTTTCTAGAGTTGCTGCTGGGAGCTCCAGCACAGTGAAATCGACAGAAGGGCAGAGCAAGTGAGTGGACAATGCG,0.179,0.958,-0.042,-2.484,-0.012
CCCCACCTCTTCTTCTTTTCTAGAGTTGCTGCTGGGAGCTCCAGCACAGTGAAATCTACAGAAGGGCAGAGCAAGTGAGTGGACAATGCG,0.087,0.467,-0.533,-3.521,-0.218
CCCCACCTCTTCTTCTTTTCTAGAGTTGCTGCTGGGAGCTCCAGCACAGTGAAATTAACAGAAGGGCAGAGCAAGTGAGTGGACAATGCG,0.004,0.023,-0.977,-7.892,-1.084
CCCCACCTCTTCTTCTTTTCTAGAGTTGCTGCTGGGAGCTCCAGCACAGTGAAATTCACAGAAGGGCAGAGCAAGTGAGTGGACAATGCG,0.021,0.111,-0.889,-5.590,-0.628
CCCCACCTCTTCTTCTTTTCTAGAGTTGCTGCTGGGAGCTCCAGCACAGTGAAATTGACAGAAGGGCAGAGCAAGTGAGTGGACAATGCG,0.026,0.140,-0.860,-5.257,-0.562
CCCCACCTCTTCTTCTTTTCTAGAGTTGCTGCTGGGAGCTCCAGCACAGTGAAATTTACAGAAGGGCAGAGCAAGTGAGTGGACAATGCG,0.012,0.066,-0.934,-6.348,-0.778
CCCCACCTCTTCTTCTTTTCTAGAGTTGCTGCTGGGAGCTCCAGCACAGTGAAATGAACAGAAGGGCAGAGCAAGTGAGTGGACAATGCG,0.059,0.318,-0.682,-4.077,-0.328
CCCCACCTCTTCTTCTTTTCTAGAGTTGCTGCTGGGAGCTCCAGCACAGTGAAATGACCAGAAGGGCAGAGCAAGTGAGTGGACAATGCG,0.081,0.432,-0.568,-3.634,-0.240
CCCCACCTCTTCTTCTTTTCTAGAGTTGCTGCTGGGAGCTCCAGCACAGTGAAATGAGCAGAAGGGCAGAGCAAGTGAGTGGACAATGCG,0.020,0.109,-0.891,-5.617,-0.633
CCCCACCTCTTCTTCTTTTCTAGAGTTGCTGCTGGGAGCTCCAGCACAGTGAAATGATCAGAAGGGCAGAGCAAGTGAGTGGACAATGCG,0.021,0.113,-0.887,-5.568,-0.624
CCCCACCTCTTCTTCTTTTCTAGAGTTGCTGCTGGGAGCTCCAGCACAGTGAAATGCACAGAAGGGCAGAGCAAGTGAGTGGACAATGCG,0.036,0.194,-0.806,-4.788,-0.469
CCCCACCTCTTCTTCTTTTCTAGAGTTGCTGCTGGGAGCTCCAGCACAGTGAAATGCCCAGAAGGGCAGAGCAAGTGAGTGGACAATGCG,0.004,0.022,-0.978,-7.938,-1.093
CCCCACCTCTTCTTCTTTTCTAGAGTTGCTGCTGGGAGCTCCAGCACAGTGAAATGCGCAGAAGGGCAGAGCAAGTGAGTGGACAATGCG,0.070,0.373,-0.627,-3.846,-0.282
CCCCACCTCTTCTTCTTTTCTAGAGTTGCTGCTGGGAGCTCCAGCACAGTGAAATGCTCAGAAGGGCAGAGCAAGTGAGTGGACAATGCG,0.027,0.145,-0.855,-5.203,-0.551
CCCCACCTCTTCTTCTTTTCTAGAGTTGCTGCTGGGAGCTCCAGCACAGTGAAATGTACAGAAGGGCAGAGCAAGTGAGTGGACAATGCG,0.024,0.131,-0.869,-5.358,-0.582
CCCCACCTCTTCTTCTTTTCTAGAGTTGCTGCTGGGAGCTCCAGCACAGTGAAATGTCCAGAAGGGCAGAGCAAGTGAGTGGACAATGCG,0.039,0.211,-0.789,-4.665,-0.445
CCCCACCTCTTCTTCTTTTCTAGAGTTGCTGCTGGGAGCTCCAGCACAGTGAAATGTGCAGAAGGGCAGAGCAAGTGAGTGGACAATGCG,0.142,0.763,-0.237,-2.813,-0.077
CCCCACCTCTTCTTCTTTTCTAGAGTTGCTGCTGGGAGCTCCAGCACAGTGAAATGTTCAGAAGGGCAGAGCAAGTGAGTGGACAATGCG,0.014,0.077,-0.923,-6.114,-0.732
CCCCACCTCTTCTTCTTTTCTAGAGTTGCTGCTGGGAGCTCCAGCACAGTGAAATGGCAAGAAGGGCAGAGCAAGTGAGTGGACAATGCG,0.062,0.330,-0.670,-4.020,-0.317
CCCCACCTCTTCTTCTTTTCTAGAGTTGCTGCTGGGAGCTCCAGCACAGTGAAATGGCCAGAAGGGCAGAGCAAGTGAGTGGACAATGCG,0.041,0.220,-0.780,-4.610,-0.434
CCCCACCTCTTCTTCTTTTCTAGAGTTGCTGCTGGGAGCTCCAGCACAGTGAAATGGCGAGAAGGGCAGAGCAAGTGAGTGGACAATGCG,0.122,0.652,-0.348,-3.040,-0.123
CCCCACCTCTTCTTCTTTTCTAGAGTTGCTGCTGGGAGCTCCAGCACAGTGAAATGGCTAGAAGGGCAGAGCAAGTGAGTGGACAATGCG,0.008,0.045,-0.955,-6.904,-0.888
CCCCACCTCTTCTTCTTTTCTAGAGTTGCTGCTGGGAGCTCCAGCACAGTGAAATGGGAAGAAGGGCAGAGCAAGTGAGTGGACAATGCG,0.073,0.393,-0.607,-3.769,-0.267
CCCCACCTCTTCTTCTTTTCTAGAGTTGCTGCTGGGAGCTCCAGCACAGTGAAATGGGCAGAAGGGCAGAGCAAGTGAGTGGACAATGCG,0.049,0.265,-0.735,-4.339,-0.380
CCCCACCTCTTCTTCTTTTCTAGAGTTGCTGCTGGGAGCTCCAGCACAGTGAAATGGGGAGAAGGGCAGAGCAAGTGAGTGGACAATGCG,0.007,0.036,-0.964,-7.224,-0.952
CCCCACCTCTTCTTCTTTTCTAGAGTTGCTGCTGGGAGCTCCAGCACAGTGAAATGGGTAGAAGGGCAGAGCAAGTGAGTGGACAATGCG,0.003,0.015,-0.985,-8.494,-1.204
CCCCACCTCTTCTTCTTTTCTAGAGTTGCTGCTGGGAGCTCCAGCACAGTGAAATGGTAAGAAGGGCAGAGCAAGTGAGTGGACAATGCG,0.001,0.005,-0.995,-10.159,-1.534
CCCCACCTCTTCTTCTTTTCTAGAGTTGCTGCTGGGAGCTCCAGCACAGTGAAATGGTCAGAAGGGCAGAGCAAGTGAGTGGACAATGCG,0.014,0.075,-0.925,-6.166,-0.742
CCCCACCTCTTCTTCTTTTCTAGAGTTGCTGCTGGGAGCTCCAGCACAGTGAAATGGTGAGAAGGGCAGAGCAAGTGAGTGGACAATGCG,0.008,0.045,-0.955,-6.886,-0.885
CCCCACCTCTTCTTCTTTTCTAGAGTTGCTGCTGGGAGCTCCAGCACAGTGAAATGGTTAGAAGGGCAGAGCAAGTGAGTGGACAATGCG,0.001,0.004,-0.996,-10.243,-1.550
CCCCACCTCTTCTTCTTTTCTAGAGTTGCTGCTGGGAGCTCCAGCACAGTGAAATGGAAAGAAGGGCAGAGCAAGTGAGTGGACAATGCG,0.094,0.503,-0.497,-3.413,-0.196
CCCCACCTCTTCTTCTTTTCTAGAGTTGCTGCTGGGAGCTCCAGCACAGTGAAATGGAACGAAGGGCAGAGCAAGTGAGTGGACAATGCG,0.209,1.118,0.007,-2.262,0.042
CCCCACCTCTTCTTCTTTTCTAGAGTTGCTGCTGGGAGCTCCAGCACAGTGAAATGGAAGGAAGGGCAGAGCAAGTGAGTGGACAATGCG,0.020,0.107,-0.893,-5.648,-0.639
CCCCACCTCTTCTTCTTTTCTAGAGTTGCTGCTGGGAGCTCCAGCACAGTGAAATGGAATGAAGGGCAGAGCAAGTGAGTGGACAATGCG,0.053,0.285,-0.715,-4.235,-0.359
CCCCACCTCTTCTTCTTTTCTAGAGTTGCTGCTGGGAGCTCCAGCACAGTGAAATGGAGAGAAGGGCAGAGCAAGTGAGTGGACAATGCG,0.074,0.399,-0.601,-3.747,-0.263
CCCCACCTCTTCTTCTTTTCTAGAGTTGCTGCTGGGAGCTCCAGCACAGTGAAATGGAGCGAAGGGCAGAGCAAGTGAGTGGACAATGCG,0.127,0.681,-0.319,-2.977,-0.110
CCCCACCTCTTCTTCTTTTCTAGAGTTGCTGCTGGGAGCTCCAGCACAGTGAAATGGAGGGAAGGGCAGAGCAAGTGAGTGGACAATGCG,0.033,0.179,-0.821,-4.905,-0.492
CCCCACCTCTTCTTCTTTTCTAGAGTTGCTGCTGGGAGCTCCAGCACAGTGAAATGGAGTGAAGGGCAGAGCAAGTGAGTGGACAATGCG,0.072,0.388,-0.612,-3.788,-0.271
CCCCACCTCTTCTTCTTTTCTAGAGTTGCTGCTGGGAGCTCCAGCACAGTGAAATGGATAGAAGGGCAGAGCAAGTGAGTGGACAATGCG,0.025,0.133,-0.867,-5.329,-0.576
CCCCACCTCTTCTTCTTTTCTAGAGTTGCTGCTGGGAGCTCCAGCACAGTGAAATGGATCGAAGGGCAGAGCAAGTGAGTGGACAATGCG,0.075,0.400,-0.600,-3.746,-0.262
CCCCACCTCTTCTTCTTTTCTAGAGTTGCTGCTGGGAGCTCCAGCACAGTGAAATGGATGGAAGGGCAGAGCAAGTGAGTGGACAATGCG,0.156,0.835,-0.165,-2.683,-0.052
CCCCACCTCTTCTTCTTTTCTAGAGTTGCTGCTGGGAGCTCCAGCACAGTGAAATGGATTGAAGGGCAGAGCAAGTGAGTGGACAATGCG,0.050,0.268,-0.732,-4.320,-0.376
CCCCACCTCTTCTTCTTTTCTAGAGTTGCTGCTGGGAGCTCCAGCACAGTGAAATGGACCAAAGGGCAGAGCAAGTGAGTGGACAATGCG,0.152,0.817,-0.183,-2.715,-0.058
CCCCACCTCTTCTTCTTTTCTAGAGTTGCTGCTGGGAGCTCCAGCACAGTGAAATGGACCCAAGGGCAGAGCAAGTGAGTGGACAATGCG,0.217,1.163,0.010,-2.204,0.057
CCCCACCTCTTCTTCTTTTCTAGAGTTGCTGCTGGGAGCTCCAGCACAGTGAAATGGACCGAAGGGCAGAGCAAGTGAGTGGACAATGCG,0.637,3.416,0.142,-0.650,0.465
CCCCACCTCTTCTTCTTTTCTAGAGTTGCTGCTGGGAGCTCCAGCACAGTGAAATGGACCTAAGGGCAGAGCAAGTGAGTGGACAATGCG,0.060,0.324,-0.676,-4.048,-0.322
CCCCACCTCTTCTTCTTTTCTAGAGTTGCTGCTGGGAGCTCCAGCACAGTGAAATGGACGAAAGGGCAGAGCAAGTGAGTGGACAATGCG,0.201,1.078,0.005,-2.314,0.028
CCCCACCTCTTCTTCTTTTCTAGAGTTGCTGCTGGGAGCTCCAGCACAGTGAAATGGACGCAAGGGCAGAGCAAGTGAGTGGACAATGCG,0.249,1.334,0.020,-2.006,0.109
CCCCACCTCTTCTTCTTTTCTAGAGTTGCTGCTGGGAGCTCCAGCACAGTGAAATGGACGGAAGGGCAGAGCAAGTGAGTGGACAATGCG,0.438,2.350,0.080,-1.190,0.323
CCCCACCTCTTCTTCTTTTCTAGAGTTGCTGCTGGGAGCTCCAGCACAGTGAAATGGACGTAAGGGCAGAGCAAGTGAGTGGACAATGCG,0.046,0.245,-0.755,-4.451,-0.402
CCCCACCTCTTCTTCTTTTCTAGAGTTGCTGCTGGGAGCTCCAGCACAGTGAAATGGACTAAAGGGCAGAGCAAGTGAGTGGACAATGCG,0.037,0.197,-0.803,-4.768,-0.465
CCCCACCTCTTCTTCTTTTCTAGAGTTGCTGCTGGGAGCTCCAGCACAGTGAAATGGACTCAAGGGCAGAGCAAGTGAGTGGACAATGCG,0.089,0.475,-0.525,-3.496,-0.213
CCCCACCTCTTCTTCTTTTCTAGAGTTGCTGCTGGGAGCTCCAGCACAGTGAAATGGACTGAAGGGCAGAGCAAGTGAGTGGACAATGCG,0.121,0.651,-0.349,-3.042,-0.123
CCCCACCTCTTCTTCTTTTCTAGAGTTGCTGCTGGGAGCTCCAGCACAGTGAAATGGACTTAAGGGCAGAGCAAGTGAGTGGACAATGCG,0.012,0.066,-0.934,-6.348,-0.778
CCCCACCTCTTCTTCTTTTCTAGAGTTGCTGCTGGGAGCTCCAGCACAGTGAAATGGACAAAAGGGCAGAGCAAGTGAGTGGACAATGCG,0.046,0.246,-0.754,-4.444,-0.401
CCCCACCTCTTCTTCTTTTCTAGAGTTGCTGCTGGGAGCTCCAGCACAGTGAAATGGACAACAGGGCAGAGCAAGTGAGTGGACAATGCG,0.130,0.696,-0.304,-2.945,-0.104
CCCCACCTCTTCTTCTTTTCTAGAGTTGCTGCTGGGAGCTCCAGCACAGTGAAATGGACAAGAGGGCAGAGCAAGTGAGTGGACAATGCG,0.186,0.999,-0.001,-2.424,0.000
CCCCACCTCTTCTTCTTTTCTAGAGTTGCTGCTGGGAGCTCCAGCACAGTGAAATGGACAATAGGGCAGAGCAAGTGAGTGGACAATGCG,0.005,0.028,-0.972,-7.602,-1.027
CCCCACCTCTTCTTCTTTTCTAGAGTTGCTGCTGGGAGCTCCAGCACAGTGAAATGGACACAAGGGCAGAGCAAGTGAGTGGACAATGCG,0.090,0.483,-0.517,-3.474,-0.208
CCCCACCTCTTCTTCTTTTCTAGAGTTGCTGCTGGGAGCTCCAGCACAGTGAAATGGACACCAGGGCAGAGCAAGTGAGTGGACAATGCG,0.158,0.848,-0.152,-2.659,-0.047
CCCCACCTCTTCTTCTTTTCTAGAGTTGCTGCTGGGAGCTCCAGCACAGTGAAATGGACACGAGGGCAGAGCAAGTGAGTGGACAATGCG,0.210,1.124,0.007,-2.254,0.044
CCCCACCTCTTCTTCTTTTCTAGAGTTGCTGCTGGGAGCTCCAGCACAGTGAAATGGACACTAGGGCAGAGCAAGTGAGTGGACAATGCG,0.008,0.044,-0.956,-6.945,-0.897
CCCCACCTCTTCTTCTTTTCTAGAGTTGCTGCTGGGAGCTCCAGCACAGTGAAATGGACATAAGGGCAGAGCAAGTGAGTGGACAATGCG,0.029,0.156,-0.844,-5.105,-0.532
CCCCACCTCTTCTTCTTTTCTAGAGTTGCTGCTGGGAGCTCCAGCACAGTGAAATGGACATCAGGGCAGAGCAAGTGAGTGGACAATGCG,0.125,0.667,-0.333,-3.006,-0.116
CCCCACCTCTTCTTCTTTTCTAGAGTTGCTGCTGGGAGCTCCAGCACAGTGAAATGGACATGAGGGCAGAGCAAGTGAGTGGACAATGCG,0.047,0.253,-0.747,-4.404,-0.393
CCCCACCTCTTCTTCTTTTCTAGAGTTGCTGCTGGGAGCTCCAGCACAGTGAAATGGACATTAGGGCAGAGCAAGTGAGTGGACAATGCG,0.001,0.005,-0.995,-10.048,-1.512
CCCCACCTCTTCTTCTTTTCTAGAGTTGCTGCTGGGAGCTCCAGCACAGTGAAATGGACAGCAGGGCAGAGCAAGTGAGTGGACAATGCG,0.025,0.135,-0.865,-5.315,-0.573
CCCCACCTCTTCTTCTTTTCTAGAGTTGCTGCTGGGAGCTCCAGCACAGTGAAATGGACAGCCGGGCAGAGCAAGTGAGTGGACAATGCG,0.407,2.183,0.070,-1.296,0.295
CCCCACCTCTTCTTCTTTTCTAGAGTTGCTGCTGGGAGCTCCAGCACAGTGAAATGGACAGCGGGGCAGAGCAAGTGAGTGGACAATGCG,0.223,1.196,0.012,-2.164,0.068
CCCCACCTCTTCTTCTTTTCTAGAGTTGCTGCTGGGAGCTCCAGCACAGTGAAATGGACAGCTGGGCAGAGCAAGTGAGTGGACAATGCG,0.047,0.251,-0.749,-4.414,-0.395
CCCCACCTCTTCTTCTTTTCTAGAGTTGCTGCTGGGAGCTCCAGCACAGTGAAATGGACAGGAGGGCAGAGCAAGTGAGTGGACAATGCG,0.074,0.397,-0.603,-3.757,-0.265
CCCCACCTCTTCTTCTTTTCTAGAGTTGCTGCTGGGAGCTCCAGCACAGTGAAATGGACAGGCGGGCAGAGCAAGTGAGTGGACAATGCG,0.199,1.069,0.004,-2.326,0.025
CCCCACCTCTTCTTCTTTTCTAGAGTTGCTGCTGGGAGCTCCAGCACAGTGAAATGGACAGGGGGGCAGAGCAAGTGAGTGGACAATGCG,0.012,0.066,-0.934,-6.353,-0.779
CCCCACCTCTTCTTCTTTTCTAGAGTTGCTGCTGGGAGCTCCAGCACAGTGAAATGGACAGGTGGGCAGAGCAAGTGAGTGGACAATGCG,0.011,0.058,-0.942,-6.530,-0.814
CCCCACCTCTTCTTCTTTTCTAGAGTTGCTGCTGGGAGCTCCAGCACAGTGAAATGGACAGTAGGGCAGAGCAAGTGAGTGGACAATGCG,0.001,0.004,-0.996,-10.340,-1.570
CCCCACCTCTTCTTCTTTTCTAGAGTTGCTGCTGGGAGCTCCAGCACAGTGAAATGGACAGTCGGGCAGAGCAAGTGAGTGGACAATGCG,0.276,1.481,0.028,-1.856,0.149
CCCCACCTCTTCTTCTTTTCTAGAGTTGCTGCTGGGAGCTCCAGCACAGTGAAATGGACAGTGGGGCAGAGCAAGTGAGTGGACAATGCG,0.014,0.076,-0.924,-6.146,-0.738
CCCCACCTCTTCTTCTTTTCTAGAGTTGCTGCTGGGAGCTCCAGCACAGTGAAATGGACAGTTGGGCAGAGCAAGTGAGTGGACAATGCG,0.039,0.208,-0.792,-4.688,-0.449
CCCCACCTCTTCTTCTTTTCTAGAGTTGCTGCTGGGAGCTCCAGCACAGTGAAATGGACAGACAGGCAGAGCAAGTGAGTGGACAATGCG,0.034,0.185,-0.815,-4.860,-0.483
CCCCACCTCTTCTTCTTTTCTAGAGTTGCTGCTGGGAGCTCCAGCACAGTGAAATGGACAGACCGGCAGAGCAAGTGAGTGGACAATGCG,0.920,4.931,0.232,-0.121,0.603
CCCCACCTCTTCTTCTTTTCTAGAGTTGCTGCTGGGAGCTCCAGCACAGTGAAATGGACAGACGGGCAGAGCAAGTGAGTGGACAATGCG,0.557,2.985,0.117,-0.844,0.414
CCCCACCTCTTCTTCTTTTCTAGAGTTGCTGCTGGGAGCTCCAGCACAGTGAAATGGACAGACTGGCAGAGCAAGTGAGTGGACAATGCG,0.050,0.266,-0.734,-4.332,-0.379
CCCCACCTCTTCTTCTTTTCTAGAGTTGCTGCTGGGAGCTCCAGCACAGTGAAATGGACAGAGAGGCAGAGCAAGTGAGTGGACAATGCG,0.024,0.130,-0.870,-5.362,-0.583
CCCCACCTCTTCTTCTTTTCTAGAGTTGCTGCTGGGAGCTCCAGCACAGTGAAATGGACAGAGCGGCAGAGCAAGTGAGTGGACAATGCG,0.927,4.967,0.234,-0.110,0.606
CCCCACCTCTTCTTCTTTTCTAGAGTTGCTGCTGGGAGCTCCAGCACAGTGAAATGGACAGAGGGGCAGAGCAAGTGAGTGGACAATGCG,0.098,0.523,-0.477,-3.357,-0.185
CCCCACCTCTTCTTCTTTTCTAGAGTTGCTGCTGGGAGCTCCAGCACAGTGAAATGGACAGAGTGGCAGAGCAAGTGAGTGGACAATGCG,0.153,0.818,-0.182,-2.712,-0.057
CCCCACCTCTTCTTCTTTTCTAGAGTTGCTGCTGGGAGCTCCAGCACAGTGAAATGGACAGATAGGCAGAGCAAGTGAGTGGACAATGCG,0.002,0.011,-0.989,-8.992,-1.302
CCCCACCTCTTCTTCTTTTCTAGAGTTGCTGCTGGGAGCTCCAGCACAGTGAAATGGACAGATCGGCAGAGCAAGTGAGTGGACAATGCG,0.701,3.756,0.163,-0.513,0.500
CCCCACCTCTTCTTCTTTTCTAGAGTTGCTGCTGGGAGCTCCAGCACAGTGAAATGGACAGATGGGCAGAGCAAGTGAGTGGACAATGCG,0.156,0.834,-0.166,-2.684,-0.052
CCCCACCTCTTCTTCTTTTCTAGAGTTGCTGCTGGGAGCTCCAGCACAGTGAAATGGACAGATTGGCAGAGCAAGTGAGTGGACAATGCG,0.051,0.274,-0.726,-4.288,-0.370
CCCCACCTCTTCTTCTTTTCTAGAGTTGCTGCTGGGAGCTCCAGCACAGTGAAATGGACAGAAAAGCAGAGCAAGTGAGTGGACAATGCG,0.141,0.756,-0.244,-2.826,-0.080
CCCCACCTCTTCTTCTTTTCTAGAGTTGCTGCTGGGAGCTCCAGCACAGTGAAATGGACAGAAACGCAGAGCAAGTGAGTGGACAATGCG,0.419,2.247,0.074,-1.254,0.306
CCCCACCTCTTCTTCTTTTCTAGAGTTGCTGCTGGGAGCTCCAGCACAGTGAAATGGACAGAAAGGCAGAGCAAGTGAGTGGACAATGCG,0.083,0.445,-0.555,-3.592,-0.232
CCCCACCTCTTCTTCTTTTCTAGAGTTGCTGCTGGGAGCTCCAGCACAGTGAAATGGACAGAAATGCAGAGCAAGTGAGTGGACAATGCG,0.107,0.575,-0.425,-3.220,-0.158
CCCCACCTCTTCTTCTTTTCTAGAGTTGCTGCTGGGAGCTCCAGCACAGTGAAATGGACAGAACAGCAGAGCAAGTGAGTGGACAATGCG,0.238,1.277,0.016,-2.069,0.093
CCCCACCTCTTCTTCTTTTCTAGAGTTGCTGCTGGGAGCTCCAGCACAGTGAAATGGACAGAACCGCAGAGCAAGTGAGTGGACAATGCG,0.703,3.767,0.163,-0.509,0.502
CCCCACCTCTTCTTCTTTTCTAGAGTTGCTGCTGGGAGCTCCAGCACAGTGAAATGGACAGAACGGCAGAGCAAGTGAGTGGACAATGCG,0.866,4.640,0.215,-0.208,0.581
CCCCACCTCTTCTTCTTTTCTAGAGTTGCTGCTGGGAGCTCCAGCACAGTGAAATGGACAGAACTGCAGAGCAAGTGAGTGGACAATGCG,0.907,4.861,0.228,-0.141,0.598
CCCCACCTCTTCTTCTTTTCTAGAGTTGCTGCTGGGAGCTCCAGCACAGTGAAATGGACAGAATAGCAGAGCAAGTGAGTGGACAATGCG,0.036,0.192,-0.808,-4.803,-0.472
CCCCACCTCTTCTTCTTTTCTAGAGTTGCTGCTGGGAGCTCCAGCACAGTGAAATGGACAGAATCGCAGAGCAAGTGAGTGGACAATGCG,0.490,2.625,0.096,-1.030,0.365
CCCCACCTCTTCTTCTTTTCTAGAGTTGCTGCTGGGAGCTCCAGCACAGTGAAATGGACAGAATGGCAGAGCAAGTGAGTGGACAATGCG,0.160,0.860,-0.140,-2.640,-0.043
CCCCACCTCTTCTTCTTTTCTAGAGTTGCTGCTGGGAGCTCCAGCACAGTGAAATGGACAGAATTGCAGAGCAAGTGAGTGGACAATGCG,0.192,1.029,0.002,-2.381,0.011
CCCCACCTCTTCTTCTTTTCTAGAGTTGCTGCTGGGAGCTCCAGCACAGTGAAATGGACAGAAGAACAGAGCAAGTGAGTGGACAATGCG,1.435,7.690,0.395,0.521,0.772
CCCCACCTCTTCTTCTTTTCTAGAGTTGCTGCTGGGAGCTCCAGCACAGTGAAATGGACAGAAGACCAGAGCAAGTGAGTGGACAATGCG,2.400,12.866,0.700,1.263,0.966
CCCCACCTCTTCTTCTTTTCTAGAGTTGCTGCTGGGAGCTCCAGCACAGTGAAATGGACAGAAGAGCAGAGCAAGTGAGTGGACAATGCG,0.734,3.935,0.173,-0.446,0.518
CCCCACCTCTTCTTCTTTTCTAGAGTTGCTGCTGGGAGCTCCAGCACAGTGAAATGGACAGAAGATCAGAGCAAGTGAGTGGACAATGCG,1.633,8.755,0.457,0.708,0.821
CCCCACCTCTTCTTCTTTTCTAGAGTTGCTGCTGGGAGCTCCAGCACAGTGAAATGGACAGAAGCACAGAGCAAGTGAGTGGACAATGCG,0.623,3.339,0.138,-0.683,0.456
CCCCACCTCTTCTTCTTTTCTAGAGTTGCTGCTGGGAGCTCCAGCACAGTGAAATGGACAGAAGCCCAGAGCAAGTGAGTGGACAATGCG,0.757,4.056,0.180,-0.402,0.530
CCCCACCTCTTCTTCTTTTCTAGAGTTGCTGCTGGGAGCTCCAGCACAGTGAAATGGACAGAAGCGCAGAGCAAGTGAGTGGACAATGCG,0.853,4.575,0.211,-0.229,0.575
CCCCACCTCTTCTTCTTTTCTAGAGTTGCTGCTGGGAGCTCCAGCACAGTGAAATGGACAGAAGCTCAGAGCAAGTGAGTGGACAATGCG,0.634,3.400,0.142,-0.657,0.463
CCCCACCTCTTCTTCTTTTCTAGAGTTGCTGCTGGGAGCTCCAGCACAGTGAAATGGACAGAAGTACAGAGCAAGTGAGTGGACAATGCG,0.492,2.640,0.097,-1.022,0.367
CCCCACCTCTTCTTCTTTTCTAGAGTTGCTGCTGGGAGCTCCAGCACAGTGAAATGGACAGAAGTCCAGAGCAAGTGAGTGGACAATGCG,0.112,0.599,-0.401,-3.161,-0.146
CCCCACCTCTTCTTCTTTTCTAGAGTTGCTGCTGGGAGCTCCAGCACAGTGAAATGGACAGAAGTGCAGAGCAAGTGAGTGGACAATGCG,0.329,1.762,0.045,-1.605,0.214
CCCCACCTCTTCTTCTTTTCTAGAGTTGCTGCTGGGAGCTCCAGCACAGTGAAATGGACAGAAGTTCAGAGCAAGTGAGTGGACAATGCG,0.540,2.897,0.112,-0.888,0.402
CCCCACCTCTTCTTCTTTTCTAGAGTTGCTGCTGGGAGCTCCAGCACAGTGAAATGGACAGAAGGAAAGAGCAAGTGAGTGGACAATGCG,0.778,4.170,0.187,-0.362,0.540
CCCCACCTCTTCTTCTTTTCTAGAGTTGCTGCTGGGAGCTCCAGCACAGTGAAATGGACAGAAGGACAGAGCAAGTGAGTGGACAATGCG,0.774,4.150,0.186,-0.369,0.538
CCCCACCTCTTCTTCTTTTCTAGAGTTGCTGCTGGGAGCTCCAGCACAGTGAAATGGACAGAAGGAGAGAGCAAGTGAGTGGACAATGCG,0.723,3.874,0.170,-0.468,0.512
CCCCACCTCTTCTTCTTTTCTAGAGTTGCTGCTGGGAGCTCCAGCACAGTGAAATGGACAGAAGGATAGAGCAAGTGAGTGGACAATGCG,0.129,0.690,-0.310,-2.958,-0.106
CCCCACCTCTTCTTCTTTTCTAGAGTTGCTGCTGGGAGCTCCAGCACAGTGAAATGGACAGAAGGCAAGAGCAAGTGAGTGGACAATGCG,0.932,4.996,0.236,-0.102,0.608
CCCCACCTCTTCTTCTTTTCTAGAGTTGCTGCTGGGAGCTCCAGCACAGTGAAATGGACAGAAGGCCAGAGCAAGTGAGTGGACAATGCG,0.209,1.121,0.007,-2.258,0.043
CCCCACCTCTTCTTCTTTTCTAGAGTTGCTGCTGGGAGCTCCAGCACAGTGAAATGGACAGAAGGCGAGAGCAAGTGAGTGGACAATGCG,1.619,8.677,0.453,0.695,0.817
CCCCACCTCTTCTTCTTTTCTAGAGTTGCTGCTGGGAGCTCCAGCACAGTGAAATGGACAGAAGGCTAGAGCAAGTGAGTGGACAATGCG,0.086,0.461,-0.539,-3.540,-0.222
CCCCACCTCTTCTTCTTTTCTAGAGTTGCTGCTGGGAGCTCCAGCACAGTGAAATGGACAGAAGGTAAGAGCAAGTGAGTGGACAATGCG,0.009,0.049,-0.951,-6.759,-0.860
CCCCACCTCTTCTTCTTTTCTAGAGTTGCTGCTGGGAGCTCCAGCACAGTGAAATGGACAGAAGGTCAGAGCAAGTGAGTGGACAATGCG,0.110,0.591,-0.409,-3.181,-0.150
CCCCACCTCTTCTTCTTTTCTAGAGTTGCTGCTGGGAGCTCCAGCACAGTGAAATGGACAGAAGGTGAGAGCAAGTGAGTGGACAATGCG,0.098,0.524,-0.476,-3.354,-0.185
CCCCACCTCTTCTTCTTTTCTAGAGTTGCTGCTGGGAGCTCCAGCACAGTGAAATGGACAGAAGGTTAGAGCAAGTGAGTGGACAATGCG,0.036,0.190,-0.810,-4.815,-0.474
CCCCACCTCTTCTTCTTTTCTAGAGTTGCTGCTGGGAGCTCCAGCACAGTGAAATGGACAGAAGGGAAGAGCAAGTGAGTGGACAATGCG,0.507,2.720,0.101,-0.979,0.378
CCCCACCTCTTCTTCTTTTCTAGAGTTGCTGCTGGGAGCTCCAGCACAGTGAAATGGACAGAAGGGACGAGCAAGTGAGTGGACAATGCG,0.767,4.112,0.184,-0.383,0.535
CCCCACCTCTTCTTCTTTTCTAGAGTTGCTGCTGGGAGCTCCAGCACAGTGAAATGGACAGAAGGGAGGAGCAAGTGAGTGGACAATGCG,0.233,1.247,0.015,-2.104,0.083
CCCCACCTCTTCTTCTTTTCTAGAGTTGCTGCTGGGAGCTCCAGCACAGTGAAATGGACAGAAGGGATGAGCAAGTGAGTGGACAATGCG,0.469,2.513,0.089,-1.093,0.348
CCCCACCTCTTCTTCTTTTCTAGAGTTGCTGCTGGGAGCTCCAGCACAGTGAAATGGACAGAAGGGGAGAGCAAGTGAGTGGACAATGCG,0.391,2.096,0.065,-1.355,0.280
CCCCACCTCTTCTTCTTTTCTAGAGTTGCTGCTGGGAGCTCCAGCACAGTGAAATGGACAGAAGGGGCGAGCAAGTGAGTGGACAATGCG,0.399,2.139,0.067,-1.325,0.288
CCCCACCTCTTCTTCTTTTCTAGAGTTGCTGCTGGGAGCTCCAGCACAGTGAAATGGACAGAAGGGGGGAGCAAGTGAGTGGACAATGCG,0.034,0.185,-0.815,-4.859,-0.483
CCCCACCTCTTCTTCTTTTCTAGAGTTGCTGCTGGGAGCTCCAGCACAGTGAAATGGACAGAAGGGGTGAGCAAGTGAGTGGACAATGCG,0.061,0.330,-0.670,-4.024,-0.317
CCCCACCTCTTCTTCTTTTCTAGAGTTGCTGCTGGGAGCTCCAGCACAGTGAAATGGACAGAAGGGTAGAGCAAGTGAGTGGACAATGCG,0.017,0.089,-0.911,-5.920,-0.693
CCCCACCTCTTCTTCTTTTCTAGAGTTGCTGCTGGGAGCTCCAGCACAGTGAAATGGACAGAAGGGTCGAGCAAGTGAGTGGACAATGCG,0.266,1.427,0.025,-1.910,0.134
CCCCACCTCTTCTTCTTTTCTAGAGTTGCTGCTGGGAGCTCCAGCACAGTGAAATGGACAGAAGGGTGGAGCAAGTGAGTGGACAATGCG,0.080,0.429,-0.571,-3.642,-0.242
CCCCACCTCTTCTTCTTTTCTAGAGTTGCTGCTGGGAGCTCCAGCACAGTGAAATGGACAGAAGGGTTGAGCAAGTGAGTGGACAATGCG,0.041,0.221,-0.779,-4.602,-0.432
CCCCACCTCTTCTTCTTTTCTAGAGTTGCTGCTGGGAGCTCCAGCACAGTGAAATGGACAGAAGGGCCAAGCAAGTGAGTGGACAATGCG,0.042,0.226,-0.774,-4.570,-0.426
CCCCACCTCTTCTTCTTTTCTAGAGTTGCTGCTGGGAGCTCCAGCACAGTGAAATGGACAGAAGGGCCCAGCAAGTGAGTGGACAATGCG,0.068,0.364,-0.636,-3.879,-0.289
CCCCACCTCTTCTTCTTTTCTAGAGTTGCTGCTGGGAGCTCCAGCACAGTGAAATGGACAGAAGGGCCGAGCAAGTGAGTGGACAATGCG,0.223,1.195,0.012,-2.165,0.067
CCCCACCTCTTCTTCTTTTCTAGAGTTGCTGCTGGGAGCTCCAGCACAGTGAAATGGACAGAAGGGCCTAGCAAGTGAGTGGACAATGCG,0.024,0.126,-0.874,-5.409,-0.592
CCCCACCTCTTCTTCTTTTCTAGAGTTGCTGCTGGGAGCTCCAGCACAGTGAAATGGACAGAAGGGCGAAGCAAGTGAGTGGACAATGCG,0.840,4.500,0.206,-0.252,0.569
CCCCACCTCTTCTTCTTTTCTAGAGTTGCTGCTGGGAGCTCCAGCACAGTGAAATGGACAGAAGGGCGCAGCAAGTGAGTGGACAATGCG,0.331,1.774,0.046,-1.596,0.217
CCCCACCTCTTCTTCTTTTCTAGAGTTGCTGCTGGGAGCTCCAGCACAGTGAAATGGACAGAAGGGCGGAGCAAGTGAGTGGACAATGCG,0.486,2.603,0.095,-1.042,0.362
CCCCACCTCTTCTTCTTTTCTAGAGTTGCTGCTGGGAGCTCCAGCACAGTGAAATGGACAGAAGGGCGTAGCAAGTGAGTGGACAATGCG,0.121,0.648,-0.352,-3.047,-0.124
CCCCACCTCTTCTTCTTTTCTAGAGTTGCTGCTGGGAGCTCCAGCACAGTGAAATGGACAGAAGGGCTAAGCAAGTGAGTGGACAATGCG,0.072,0.387,-0.613,-3.791,-0.271
CCCCACCTCTTCTTCTTTTCTAGAGTTGCTGCTGGGAGCTCCAGCACAGTGAAATGGACAGAAGGGCTCAGCAAGTGAGTGGACAATGCG,0.095,0.508,-0.492,-3.401,-0.194
CCCCACCTCTTCTTCTTTTCTAGAGTTGCTGCTGGGAGCTCCAGCACAGTGAAATGGACAGAAGGGCTGAGCAAGTGAGTGGACAATGCG,0.318,1.702,0.041,-1.655,0.201
CCCCACCTCTTCTTCTTTTCTAGAGTTGCTGCTGGGAGCTCCAGCACAGTGAAATGGACAGAAGGGCTTAGCAAGTGAGTGGACAATGCG,0.024,0.128,-0.872,-5.386,-0.588
CCCCACCTCTTCTTCTTTTCTAGAGTTGCTGCTGGGAGCTCCAGCACAGTGAAATGGACAGAAGGGCAAAGCAAGTGAGTGGACAATGCG,0.245,1.315,0.019,-2.027,0.104
CCCCACCTCTTCTTCTTTTCTAGAGTTGCTGCTGGGAGCTCCAGCACAGTGAAATGGACAGAAGGGCAACGCAAGTGAGTGGACAATGCG,0.547,2.932,0.114,-0.870,0.407
CCCCACCTCTTCTTCTTTTCTAGAGTTGCTGCTGGGAGCTCCAGCACAGTGAAATGGACAGAAGGGCAAGGCAAGTGAGTGGACAATGCG,0.043,0.232,-0.768,-4.530,-0.418
CCCCACCTCTTCTTCTTTTCTAGAGTTGCTGCTGGGAGCTCCAGCACAGTGAAATGGACAGAAGGGCAATGCAAGTGAGTGGACAATGCG,0.185,0.992,-0.008,-2.434,-0.002
CCCCACCTCTTCTTCTTTTCTAGAGTTGCTGCTGGGAGCTCCAGCACAGTGAAATGGACAGAAGGGCACAGCAAGTGAGTGGACAATGCG,0.155,0.829,-0.171,-2.692,-0.054
CCCCACCTCTTCTTCTTTTCTAGAGTTGCTGCTGGGAGCTCCAGCACAGTGAAATGGACAGAAGGGCACCGCAAGTGAGTGGACAATGCG,0.227,1.218,0.013,-2.138,0.075
CCCCACCTCTTCTTCTTTTCTAGAGTTGCTGCTGGGAGCTCCAGCACAGTGAAATGGACAGAAGGGCACGGCAAGTGAGTGGACAATGCG,0.339,1.815,0.048,-1.563,0.225
CCCCACCTCTTCTTCTTTTCTAGAGTTGCTGCTGGGAGCTCCAGCACAGTGAAATGGACAGAAGGGCACTGCAAGTGAGTGGACAATGCG,0.224,1.203,0.012,-2.155,0.070
CCCCACCTCTTCTTCTTTTCTAGAGTTGCTGCTGGGAGCTCCAGCACAGTGAAATGGACAGAAGGGCATAGCAAGTGAGTGGACAATGCG,0.096,0.517,-0.483,-3.374,-0.189
CCCCACCTCTTCTTCTTTTCTAGAGTTGCTGCTGGGAGCTCCAGCACAGTGAAATGGACAGAAGGGCATCGCAAGTGAGTGGACAATGCG,0.692,3.710,0.160,-0.531,0.496
CCCCACCTCTTCTTCTTTTCTAGAGTTGCTGCTGGGAGCTCCAGCACAGTGAAATGGACAGAAGGGCATGGCAAGTGAGTGGACAATGCG,0.116,0.622,-0.378,-3.108,-0.136
CCCCACCTCTTCTTCTTTTCTAGAGTTGCTGCTGGGAGCTCCAGCACAGTGAAATGGACAGAAGGGCATTGCAAGTGAGTGGACAATGCG,0.237,1.270,0.016,-2.078,0.090
CCCCACCTCTTCTTCTTTTCTAGAGTTGCTGCTGGGAGCTCCAGCACAGTGAAATGGACAGAAGGGCAGCACAAGTGAGTGGACAATGCG,0.077,0.414,-0.586,-3.693,-0.252
CCCCACCTCTTCTTCTTTTCTAGAGTTGCTGCTGGGAGCTCCAGCACAGTGAAATGGACAGAAGGGCAGCCCAAGTGAGTGGACAATGCG,0.171,0.915,-0.085,-2.551,-0.025
CCCCACCTCTTCTTCTTTTCTAGAGTTGCTGCTGGGAGCTCCAGCACAGTGAAATGGACAGAAGGGCAGCGCAAGTGAGTGGACAATGCG,0.293,1.571,0.034,-1.771,0.171
CCCCACCTCTTCTTCTTTTCTAGAGTTGCTGCTGGGAGCTCCAGCACAGTGAAATGGACAGAAGGGCAGCTCAAGTGAGTGGACAATGCG,0.173,0.925,-0.075,-2.535,-0.022
CCCCACCTCTTCTTCTTTTCTAGAGTTGCTGCTGGGAGCTCCAGCACAGTGAAATGGACAGAAGGGCAGGACAAGTGAGTGGACAATGCG,0.037,0.197,-0.803,-4.766,-0.465
CCCCACCTCTTCTTCTTTTCTAGAGTTGCTGCTGGGAGCTCCAGCACAGTGAAATGGACAGAAGGGCAGGCCAAGTGAGTGGACAATGCG,0.050,0.269,-0.731,-4.318,-0.376
CCCCACCTCTTCTTCTTTTCTAGAGTTGCTGCTGGGAGCTCCAGCACAGTGAAATGGACAGAAGGGCAGGGCAAGTGAGTGGACAATGCG,0.033,0.179,-0.821,-4.904,-0.492
CCCCACCTCTTCTTCTTTTCTAGAGTTGCTGCTGGGAGCTCCAGCACAGTGAAATGGACAGAAGGGCAGGTCAAGTGAGTGGACAATGCG,0.006,0.030,-0.970,-7.470,-1.001
CCCCACCTCTTCTTCTTTTCTAGAGTTGCTGCTGGGAGCTCCAGCACAGTGAAATGGACAGAAGGGCAGTACAAGTGAGTGGACAATGCG,0.123,0.658,-0.342,-3.027,-0.120
CCCCACCTCTTCTTCTTTTCTAGAGTTGCTGCTGGGAGCTCCAGCACAGTGAAATGGACAGAAGGGCAGTCCAAGTGAGTGGACAATGCG,0.106,0.566,-0.434,-3.243,-0.163
CCCCACCTCTTCTTCTTTTCTAGAGTTGCTGCTGGGAGCTCCAGCACAGTGAAATGGACAGAAGGGCAGTGCAAGTGAGTGGACAATGCG,0.105,0.565,-0.435,-3.247,-0.164
CCCCACCTCTTCTTCTTTTCTAGAGTTGCTGCTGGGAGCTCCAGCACAGTGAAATGGACAGAAGGGCAGTTCAAGTGAGTGGACAATGCG,0.125,0.672,-0.328,-2.997,-0.114
CCCCACCTCTTCTTCTTTTCTAGAGTTGCTGCTGGGAGCTCCAGCACAGTGAAATGGACAGAAGGGCAGAACAAGTGAGTGGACAATGCG,0.460,2.465,0.086,-1.121,0.341
CCCCACCTCTTCTTCTTTTCTAGAGTTGCTGCTGGGAGCTCCAGCACAGTGAAATGGACAGAAGGGCAGACCAAGTGAGTGGACAATGCG,0.292,1.565,0.033,-1.776,0.169
CCCCACCTCTTCTTCTTTTCTAGAGTTGCTGCTGGGAGCTCCAGCACAGTGAAATGGACAGAAGGGCAGATCAAGTGAGTGGACAATGCG,0.288,1.546,0.032,-1.794,0.165
