AATCCAGATCTAACTTGGGGTGGCTTTGTCTTCTTCTTTTGCCAATTCCACTAATTGTTTGGG,-3.074
CATCCAGATCTAACTTGGGGTGGCTTTGTCTTCTTCTTTTGCCAATTCCACTAATTGTTTGGG,-4.226
TATCCAGATCTAACTTGGGGTGGCTTTGTCTTCTTCTTTTGCCAATTCCACTAATTGTTTGGG,-5.097
GCTCCAGATCTAACTTGGGGTGGCTTTGTCTTCTTCTTTTGCCAATTCCACTAATTGTTTGGG,-0.31
GGTCCAGATCTAACTTGGGGTGGCTTTGTCTTCTTCTTTTGCCAATTCCACTAATTGTTTGGG,0.511
GTTCCAGATCTAACTTGGGGTGGCTTTGTCTTCTTCTTTTGCCAATTCCACTAATTGTTTGGG,-0.046
GAACCAGATCTAACTTGGGGTGGCTTTGTCTTCTTCTTTTGCCAATTCCACTAATTGTTTGGG,-0.683
GACCCAGATCTAACTTGGGGTGGCTTTGTCTTCTTCTTTTGCCAATTCCACTAATTGTTTGGG,-0.472
GAGCCAGATCTAACTTGGGGTGGCTTTGTCTTCTTCTTTTGCCAATTCCACTAATTGTTTGGG,-0.136
GATACAGATCTAACTTGGGGTGGCTTTGTCTTCTTCTTTTGCCAATTCCACTAATTGTTTGGG,-2.111
GATGCAGATCTAACTTGGGGTGGCTTTGTCTTCTTCTTTTGCCAATTCCACTAATTGTTTGGG,-0.794
GATTCAGATCTAACTTGGGGTGGCTTTGTCTTCTTCTTTTGCCAATTCCACTAATTGTTTGGG,-2.857
GATCAAGATCTAACTTGGGGTGGCTTTGTCTTCTTCTTTTGCCAATTCCACTAATTGTTTGGG,-0.066
GATCGAGATCTAACTTGGGGTGGCTTTGTCTTCTTCTTTTGCCAATTCCACTAATTGTTTGGG,-0.076
GATCTAGATCTAACTTGGGGTGGCTTTGTCTTCTTCTTTTGCCAATTCCACTAATTGTTTGGG,-4.593
GATCCCGATCTAACTTGGGGTGGCTTTGTCTTCTTCTTTTGCCAATTCCACTAATTGTTTGGG,-0.522
GATCCGGATCTAACTTGGGGTGGCTTTGTCTTCTTCTTTTGCCAATTCCACTAATTGTTTGGG,0.571
GATCCTGATCTAACTTGGGGTGGCTTTGTCTTCTTCTTTTGCCAATTCCACTAATTGTTTGGG,-0.25
GATCCAAATCTAACTTGGGGTGGCTTTGTCTTCTTCTTTTGCCAATTCCACTAATTGTTTGGG,-1.152
GATCCACATCTAACTTGGGGTGGCTTTGTCTTCTTCTTTTGCCAATTCCACTAATTGTTTGGG,-0.443
GATCCATATCTAACTTGGGGTGGCTTTGTCTTCTTCTTTTGCCAATTCCACTAATTGTTTGGG,-2.071
GATCCAGCTCTAACTTGGGGTGGCTTTGTCTTCTTCTTTTGCCAATTCCACTAATTGTTTGGG,0.321
GATCCAGGTCTAACTTGGGGTGGCTTTGTCTTCTTCTTTTGCCAATTCCACTAATTGTTTGGG,0.152
GATCCAGTTCTAACTTGGGGTGGCTTTGTCTTCTTCTTTTGCCAATTCCACTAATTGTTTGGG,-0.416
GATCCAGAACTAACTTGGGGTGGCTTTGTCTTCTTCTTTTGCCAATTCCACTAATTGTTTGGG,-0.097
GATCCAGACCTAACTTGGGGTGGCTTTGTCTTCTTCTTTTGCCAATTCCACTAATTGTTTGGG,1.285
GATCCAGAGCTAACTTGGGGTGGCTTTGTCTTCTTCTTTTGCCAATTCCACTAATTGTTTGGG,-0.183
GATCCAGATATAACTTGGGGTGGCTTTGTCTTCTTCTTTTGCCAATTCCACTAATTGTTTGGG,-0.393
GATCCAGATGTAACTTGGGGTGGCTTTGTCTTCTTCTTTTGCCAATTCCACTAATTGTTTGGG,-0.124
GATCCAGATTTAACTTGGGGTGGCTTTGTCTTCTTCTTTTGCCAATTCCACTAATTGTTTGGG,0.024
GATCCAGATCAAACTTGGGGTGGCTTTGTCTTCTTCTTTTGCCAATTCCACTAATTGTTTGGG,0.08
GATCCAGATCCAACTTGGGGTGGCTTTGTCTTCTTCTTTTGCCAATTCCACTAATTGTTTGGG,0.559
GATCCAGATCGAACTTGGGGTGGCTTTGTCTTCTTCTTTTGCCAATTCCACTAATTGTTTGGG,0.304
GATCCAGATCTCACTTGGGGTGGCTTTGTCTTCTTCTTTTGCCAATTCCACTAATTGTTTGGG,0.251
GATCCAGATCTGACTTGGGGTGGCTTTGTCTTCTTCTTTTGCCAATTCCACTAATTGTTTGGG,0.431
GATCCAGATCTTACTTGGGGTGGCTTTGTCTTCTTCTTTTGCCAATTCCACTAATTGTTTGGG,-0.405
GATCCAGATCTACCTTGGGGTGGCTTTGTCTTCTTCTTTTGCCAATTCCACTAATTGTTTGGG,1.265
GATCCAGATCTAGCTTGGGGTGGCTTTGTCTTCTTCTTTTGCCAATTCCACTAATTGTTTGGG,-0.194
GATCCAGATCTATCTTGGGGTGGCTTTGTCTTCTTCTTTTGCCAATTCCACTAATTGTTTGGG,-0.29
GATCCAGATCTAAATTGGGGTGGCTTTGTCTTCTTCTTTTGCCAATTCCACTAATTGTTTGGG,-0.554
GATCCAGATCTAAGTTGGGGTGGCTTTGTCTTCTTCTTTTGCCAATTCCACTAATTGTTTGGG,-0.135
GATCCAGATCTAATTTGGGGTGGCTTTGTCTTCTTCTTTTGCCAATTCCACTAATTGTTTGGG,-0.791
GATCCAGATCTAACATGGGGTGGCTTTGTCTTCTTCTTTTGCCAATTCCACTAATTGTTTGGG,-0.077
GATCCAGATCTAACCTGGGGTGGCTTTGTCTTCTTCTTTTGCCAATTCCACTAATTGTTTGGG,0.272
GATCCAGATCTAACGTGGGGTGGCTTTGTCTTCTTCTTTTGCCAATTCCACTAATTGTTTGGG,0.039
GATCCAGATCTAACTAGGGGTGGCTTTGTCTTCTTCTTTTGCCAATTCCACTAATTGTTTGGG,-0.773
GATCCAGATCTAACTCGGGGTGGCTTTGTCTTCTTCTTTTGCCAATTCCACTAATTGTTTGGG,0.271
GATCCAGATCTAACTGGGGGTGGCTTTGTCTTCTTCTTTTGCCAATTCCACTAATTGTTTGGG,-0.702
GATCCAGATCTAACTTAGGGTGGCTTTGTCTTCTTCTTTTGCCAATTCCACTAATTGTTTGGG,-2.562
GATCCAGATCTAACTTCGGGTGGCTTTGTCTTCTTCTTTTGCCAATTCCACTAATTGTTTGGG,-0.067
GATCCAGATCTAACTTTGGGTGGCTTTGTCTTCTTCTTTTGCCAATTCCACTAATTGTTTGGG,-0.191
GATCCAGATCTAACTTGAGGTGGCTTTGTCTTCTTCTTTTGCCAATTCCACTAATTGTTTGGG,-0.636
GATCCAGATCTAACTTGCGGTGGCTTTGTCTTCTTCTTTTGCCAATTCCACTAATTGTTTGGG,0.301
GATCCAGATCTAACTTGTGGTGGCTTTGTCTTCTTCTTTTGCCAATTCCACTAATTGTTTGGG,0.258
GATCCAGATCTAACTTGGAGTGGCTTTGTCTTCTTCTTTTGCCAATTCCACTAATTGTTTGGG,0.892
GATCCAGATCTAACTTGGCGTGGCTTTGTCTTCTTCTTTTGCCAATTCCACTAATTGTTTGGG,0.027
GATCCAGATCTAACTTGGTGTGGCTTTGTCTTCTTCTTTTGCCAATTCCACTAATTGTTTGGG,0.032
GATCCAGATCTAACTTGGGATGGCTTTGTCTTCTTCTTTTGCCAATTCCACTAATTGTTTGGG,0.232
GATCCAGATCTAACTTGGGCTGGCTTTGTCTTCTTCTTTTGCCAATTCCACTAATTGTTTGGG,0
GATCCAGATCTAACTTGGGTTGGCTTTGTCTTCTTCTTTTGCCAATTCCACTAATTGTTTGGG,-2.17
GATCCAGATCTAACTTGGGGAGGCTTTGTCTTCTTCTTTTGCCAATTCCACTAATTGTTTGGG,0.125
GATCCAGATCTAACTTGGGGCGGCTTTGTCTTCTTCTTTTGCCAATTCCACTAATTGTTTGGG,0.243
GATCCAGATCTAACTTGGGGGGGCTTTGTCTTCTTCTTTTGCCAATTCCACTAATTGTTTGGG,-5.29
GATCCAGATCTAACTTGGGGTAGCTTTGTCTTCTTCTTTTGCCAATTCCACTAATTGTTTGGG,-2.091
GATCCAGATCTAACTTGGGGTCGCTTTGTCTTCTTCTTTTGCCAATTCCACTAATTGTTTGGG,0.067
GATCCAGATCTAACTTGGGGTTGCTTTGTCTTCTTCTTTTGCCAATTCCACTAATTGTTTGGG,-0.589
GATCCAGATCTAACTTGGGGTGACTTTGTCTTCTTCTTTTGCCAATTCCACTAATTGTTTGGG,0.238
GATCCAGATCTAACTTGGGGTGCCTTTGTCTTCTTCTTTTGCCAATTCCACTAATTGTTTGGG,-0.164
GATCCAGATCTAACTTGGGGTGTCTTTGTCTTCTTCTTTTGCCAATTCCACTAATTGTTTGGG,-0.765
GATCCAGATCTAACTTGGGGTGGATTTGTCTTCTTCTTTTGCCAATTCCACTAATTGTTTGGG,0.043
GATCCAGATCTAACTTGGGGTGGGTTTGTCTTCTTCTTTTGCCAATTCCACTAATTGTTTGGG,-6.715
GATCCAGATCTAACTTGGGGTGGTTTTGTCTTCTTCTTTTGCCAATTCCACTAATTGTTTGGG,-1.636
GATCCAGATCTAACTTGGGGTGGCATTGTCTTCTTCTTTTGCCAATTCCACTAATTGTTTGGG,0.211
GATCCAGATCTAACTTGGGGTGGCCTTGTCTTCTTCTTTTGCCAATTCCACTAATTGTTTGGG,0.429
GATCCAGATCTAACTTGGGGTGGCGTTGTCTTCTTCTTTTGCCAATTCCACTAATTGTTTGGG,0.284
GATCCAGATCTAACTTGGGGTGGCTATGTCTTCTTCTTTTGCCAATTCCACTAATTGTTTGGG,0.39
GATCCAGATCTAACTTGGGGTGGCTCTGTCTTCTTCTTTTGCCAATTCCACTAATTGTTTGGG,-0.07
GATCCAGATCTAACTTGGGGTGGCTGTGTCTTCTTCTTTTGCCAATTCCACTAATTGTTTGGG,-0.547
GATCCAGATCTAACTTGGGGTGGCTTAGTCTTCTTCTTTTGCCAATTCCACTAATTGTTTGGG,-0.647
GATCCAGATCTAACTTGGGGTGGCTTCGTCTTCTTCTTTTGCCAATTCCACTAATTGTTTGGG,0.72
GATCCAGATCTAACTTGGGGTGGCTTGGTCTTCTTCTTTTGCCAATTCCACTAATTGTTTGGG,-0.115
GATCCAGATCTAACTTGGGGTGGCTTTATCTTCTTCTTTTGCCAATTCCACTAATTGTTTGGG,-1.069
GATCCAGATCTAACTTGGGGTGGCTTTCTCTTCTTCTTTTGCCAATTCCACTAATTGTTTGGG,-1.838
GATCCAGATCTAACTTGGGGTGGCTTTTTCTTCTTCTTTTGCCAATTCCACTAATTGTTTGGG,-1.36
GATCCAGATCTAACTTGGGGTGGCTTTGACTTCTTCTTTTGCCAATTCCACTAATTGTTTGGG,0.257
GATCCAGATCTAACTTGGGGTGGCTTTGCCTTCTTCTTTTGCCAATTCCACTAATTGTTTGGG,0.119
GATCCAGATCTAACTTGGGGTGGCTTTGGCTTCTTCTTTTGCCAATTCCACTAATTGTTTGGG,-3.819
GATCCAGATCTAACTTGGGGTGGCTTTGTATTCTTCTTTTGCCAATTCCACTAATTGTTTGGG,-0.973
GATCCAGATCTAACTTGGGGTGGCTTTGTGTTCTTCTTTTGCCAATTCCACTAATTGTTTGGG,-0.286
GATCCAGATCTAACTTGGGGTGGCTTTGTTTTCTTCTTTTGCCAATTCCACTAATTGTTTGGG,-2.304
GATCCAGATCTAACTTGGGGTGGCTTTGTCATCTTCTTTTGCCAATTCCACTAATTGTTTGGG,0.242
GATCCAGATCTAACTTGGGGTGGCTTTGTCCTCTTCTTTTGCCAATTCCACTAATTGTTTGGG,-0.076
GATCCAGATCTAACTTGGGGTGGCTTTGTCGTCTTCTTTTGCCAATTCCACTAATTGTTTGGG,-1.199
GATCCAGATCTAACTTGGGGTGGCTTTGTCTACTTCTTTTGCCAATTCCACTAATTGTTTGGG,-0.129
GATCCAGATCTAACTTGGGGTGGCTTTGTCTCCTTCTTTTGCCAATTCCACTAATTGTTTGGG,-0.05
GATCCAGATCTAACTTGGGGTGGCTTTGTCTGCTTCTTTTGCCAATTCCACTAATTGTTTGGG,0.176
GATCCAGATCTAACTTGGGGTGGCTTTGTCTTATTCTTTTGCCAATTCCACTAATTGTTTGGG,-3.754
GATCCAGATCTAACTTGGGGTGGCTTTGTCTTGTTCTTTTGCCAATTCCACTAATTGTTTGGG,-2.399
GATCCAGATCTAACTTGGGGTGGCTTTGTCTTTTTCTTTTGCCAATTCCACTAATTGTTTGGG,-4.539
GATCCAGATCTAACTTGGGGTGGCTTTGTCTTCATCTTTTGCCAATTCCACTAATTGTTTGGG,-0.179
GATCCAGATCTAACTTGGGGTGGCTTTGTCTTCCTCTTTTGCCAATTCCACTAATTGTTTGGG,-0.17
GATCCAGATCTAACTTGGGGTGGCTTTGTCTTCGTCTTTTGCCAATTCCACTAATTGTTTGGG,0.283
GATCCAGATCTAACTTGGGGTGGCTTTGTCTTCTACTTTTGCCAATTCCACTAATTGTTTGGG,-0.045
GATCCAGATCTAACTTGGGGTGGCTTTGTCTTCTCCTTTTGCCAATTCCACTAATTGTTTGGG,0.127
GATCCAGATCTAACTTGGGGTGGCTTTGTCTTCTGCTTTTGCCAATTCCACTAATTGTTTGGG,0.167
GATCCAGATCTAACTTGGGGTGGCTTTGTCTTCTTATTTTGCCAATTCCACTAATTGTTTGGG,-0.688
GATCCAGATCTAACTTGGGGTGGCTTTGTCTTCTTGTTTTGCCAATTCCACTAATTGTTTGGG,-0.112
GATCCAGATCTAACTTGGGGTGGCTTTGTCTTCTTTTTTTGCCAATTCCACTAATTGTTTGGG,-2.314
GATCCAGATCTAACTTGGGGTGGCTTTGTCTTCTTCATTTGCCAATTCCACTAATTGTTTGGG,0.26
GATCCAGATCTAACTTGGGGTGGCTTTGTCTTCTTCCTTTGCCAATTCCACTAATTGTTTGGG,0.225
GATCCAGATCTAACTTGGGGTGGCTTTGTCTTCTTCGTTTGCCAATTCCACTAATTGTTTGGG,0.33
GATCCAGATCTAACTTGGGGTGGCTTTGTCTTCTTCTATTGCCAATTCCACTAATTGTTTGGG,-0.025
GATCCAGATCTAACTTGGGGTGGCTTTGTCTTCTTCTCTTGCCAATTCCACTAATTGTTTGGG,0.106
GATCCAGATCTAACTTGGGGTGGCTTTGTCTTCTTCTGTTGCCAATTCCACTAATTGTTTGGG,0.274
GATCCAGATCTAACTTGGGGTGGCTTTGTCTTCTTCTTATGCCAATTCCACTAATTGTTTGGG,0.361
GATCCAGATCTAACTTGGGGTGGCTTTGTCTTCTTCTTCTGCCAATTCCACTAATTGTTTGGG,0.236
GATCCAGATCTAACTTGGGGTGGCTTTGTCTTCTTCTTGTGCCAATTCCACTAATTGTTTGGG,0.267
GATCCAGATCTAACTTGGGGTGGCTTTGTCTTCTTCTTTAGCCAATTCCACTAATTGTTTGGG,-2.389
GATCCAGATCTAACTTGGGGTGGCTTTGTCTTCTTCTTTCGCCAATTCCACTAATTGTTTGGG,0.287
GATCCAGATCTAACTTGGGGTGGCTTTGTCTTCTTCTTTGGCCAATTCCACTAATTGTTTGGG,0.275
GATCCAGATCTAACTTGGGGTGGCTTTGTCTTCTTCTTTTACCAATTCCACTAATTGTTTGGG,-0.772
GATCCAGATCTAACTTGGGGTGGCTTTGTCTTCTTCTTTTCCCAATTCCACTAATTGTTTGGG,-1.66
GATCCAGATCTAACTTGGGGTGGCTTTGTCTTCTTCTTTTTCCAATTCCACTAATTGTTTGGG,-1.238
GATCCAGATCTAACTTGGGGTGGCTTTGTCTTCTTCTTTTGACAATTCCACTAATTGTTTGGG,-0.179
GATCCAGATCTAACTTGGGGTGGCTTTGTCTTCTTCTTTTGGCAATTCCACTAATTGTTTGGG,-0.175
GATCCAGATCTAACTTGGGGTGGCTTTGTCTTCTTCTTTTGTCAATTCCACTAATTGTTTGGG,-1.197
GATCCAGATCTAACTTGGGGTGGCTTTGTCTTCTTCTTTTGCAAATTCCACTAATTGTTTGGG,-0.47
GATCCAGATCTAACTTGGGGTGGCTTTGTCTTCTTCTTTTGCGAATTCCACTAATTGTTTGGG,0.061
GATCCAGATCTAACTTGGGGTGGCTTTGTCTTCTTCTTTTGCTAATTCCACTAATTGTTTGGG,-2.694
GATCCAGATCTAACTTGGGGTGGCTTTGTCTTCTTCTTTTGCCCATTCCACTAATTGTTTGGG,-0.731
GATCCAGATCTAACTTGGGGTGGCTTTGTCTTCTTCTTTTGCCGATTCCACTAATTGTTTGGG,0.314
GATCCAGATCTAACTTGGGGTGGCTTTGTCTTCTTCTTTTGCCTATTCCACTAATTGTTTGGG,-1.325
GATCCAGATCTAACTTGGGGTGGCTTTGTCTTCTTCTTTTGCCACTTCCACTAATTGTTTGGG,-3.692
GATCCAGATCTAACTTGGGGTGGCTTTGTCTTCTTCTTTTGCCAGTTCCACTAATTGTTTGGG,-0.008
GATCCAGATCTAACTTGGGGTGGCTTTGTCTTCTTCTTTTGCCATTTCCACTAATTGTTTGGG,-1.329
GATCCAGATCTAACTTGGGGTGGCTTTGTCTTCTTCTTTTGCCAAATCCACTAATTGTTTGGG,0.041
GATCCAGATCTAACTTGGGGTGGCTTTGTCTTCTTCTTTTGCCAACTCCACTAATTGTTTGGG,0.336
GATCCAGATCTAACTTGGGGTGGCTTTGTCTTCTTCTTTTGCCAAGTCCACTAATTGTTTGGG,0.344
GATCCAGATCTAACTTGGGGTGGCTTTGTCTTCTTCTTTTGCCAATACCACTAATTGTTTGGG,-0.214
GATCCAGATCTAACTTGGGGTGGCTTTGTCTTCTTCTTTTGCCAATCCCACTAATTGTTTGGG,-2.085
GATCCAGATCTAACTTGGGGTGGCTTTGTCTTCTTCTTTTGCCAATGCCACTAATTGTTTGGG,-1.617
GATCCAGATCTAACTTGGGGTGGCTTTGTCTTCTTCTTTTGCCAATTACACTAATTGTTTGGG,-1.736
GATCCAGATCTAACTTGGGGTGGCTTTGTCTTCTTCTTTTGCCAATTGCACTAATTGTTTGGG,-1.23
GATCCAGATCTAACTTGGGGTGGCTTTGTCTTCTTCTTTTGCCAATTTCACTAATTGTTTGGG,-2.349
GATCCAGATCTAACTTGGGGTGGCTTTGTCTTCTTCTTTTGCCAATTCAACTAATTGTTTGGG,1.456
GATCCAGATCTAACTTGGGGTGGCTTTGTCTTCTTCTTTTGCCAATTCGACTAATTGTTTGGG,0.869
GATCCAGATCTAACTTGGGGTGGCTTTGTCTTCTTCTTTTGCCAATTCTACTAATTGTTTGGG,-0.226
GATCCAGATCTAACTTGGGGTGGCTTTGTCTTCTTCTTTTGCCAATTCCCCTAATTGTTTGGG,-3.914
GATCCAGATCTAACTTGGGGTGGCTTTGTCTTCTTCTTTTGCCAATTCCGCTAATTGTTTGGG,0.131
GATCCAGATCTAACTTGGGGTGGCTTTGTCTTCTTCTTTTGCCAATTCCTCTAATTGTTTGGG,-1.118
GATCCAGATCTAACTTGGGGTGGCTTTGTCTTCTTCTTTTGCCAATTCCAATAATTGTTTGGG,-1.679
GATCCAGATCTAACTTGGGGTGGCTTTGTCTTCTTCTTTTGCCAATTCCAGTAATTGTTTGGG,0.038
GATCCAGATCTAACTTGGGGTGGCTTTGTCTTCTTCTTTTGCCAATTCCATTAATTGTTTGGG,-1.533
GATCCAGATCTAACTTGGGGTGGCTTTGTCTTCTTCTTTTGCCAATTCCACAAATTGTTTGGG,0.166
GATCCAGATCTAACTTGGGGTGGCTTTGTCTTCTTCTTTTGCCAATTCCACCAATTGTTTGGG,0.564
GATCCAGATCTAACTTGGGGTGGCTTTGTCTTCTTCTTTTGCCAATTCCACGAATTGTTTGGG,0.635
GATCCAGATCTAACTTGGGGTGGCTTTGTCTTCTTCTTTTGCCAATTCCACTCATTGTTTGGG,-0.152
GATCCAGATCTAACTTGGGGTGGCTTTGTCTTCTTCTTTTGCCAATTCCACTGATTGTTTGGG,0.229
GATCCAGATCTAACTTGGGGTGGCTTTGTCTTCTTCTTTTGCCAATTCCACTTATTGTTTGGG,-0.046
GATCCAGATCTAACTTGGGGTGGCTTTGTCTTCTTCTTTTGCCAATTCCACTACTTGTTTGGG,0.187
GATCCAGATCTAACTTGGGGTGGCTTTGTCTTCTTCTTTTGCCAATTCCACTAGTTGTTTGGG,-0.319
GATCCAGATCTAACTTGGGGTGGCTTTGTCTTCTTCTTTTGCCAATTCCACTATTTGTTTGGG,-0.013
GATCCAGATCTAACTTGGGGTGGCTTTGTCTTCTTCTTTTGCCAATTCCACTAAATGTTTGGG,0.386
GATCCAGATCTAACTTGGGGTGGCTTTGTCTTCTTCTTTTGCCAATTCCACTAACTGTTTGGG,0.069
GATCCAGATCTAACTTGGGGTGGCTTTGTCTTCTTCTTTTGCCAATTCCACTAAGTGTTTGGG,0.117
GATCCAGATCTAACTTGGGGTGGCTTTGTCTTCTTCTTTTGCCAATTCCACTAATAGTTTGGG,-0.713
GATCCAGATCTAACTTGGGGTGGCTTTGTCTTCTTCTTTTGCCAATTCCACTAATCGTTTGGG,0.215
GATCCAGATCTAACTTGGGGTGGCTTTGTCTTCTTCTTTTGCCAATTCCACTAATGGTTTGGG,0.059
GATCCAGATCTAACTTGGGGTGGCTTTGTCTTCTTCTTTTGCCAATTCCACTAATTATTTGGG,-0.066
GATCCAGATCTAACTTGGGGTGGCTTTGTCTTCTTCTTTTGCCAATTCCACTAATTCTTTGGG,-0.537
GATCCAGATCTAACTTGGGGTGGCTTTGTCTTCTTCTTTTGCCAATTCCACTAATTTTTTGGG,0.003
GATCCAGATCTAACTTGGGGTGGCTTTGTCTTCTTCTTTTGCCAATTCCACTAATTGATTGGG,0.099
GATCCAGATCTAACTTGGGGTGGCTTTGTCTTCTTCTTTTGCCAATTCCACTAATTGCTTGGG,-0.116
GATCCAGATCTAACTTGGGGTGGCTTTGTCTTCTTCTTTTGCCAATTCCACTAATTGGTTGGG,-0.27
GATCCAGATCTAACTTGGGGTGGCTTTGTCTTCTTCTTTTGCCAATTCCACTAATTGTATGGG,-0.31
GATCCAGATCTAACTTGGGGTGGCTTTGTCTTCTTCTTTTGCCAATTCCACTAATTGTCTGGG,-0.032
GATCCAGATCTAACTTGGGGTGGCTTTGTCTTCTTCTTTTGCCAATTCCACTAATTGTGTGGG,-0.228
GATCCAGATCTAACTTGGGGTGGCTTTGTCTTCTTCTTTTGCCAATTCCACTAATTGTTAGGG,-2.552
GATCCAGATCTAACTTGGGGTGGCTTTGTCTTCTTCTTTTGCCAATTCCACTAATTGTTCGGG,-0.19
GATCCAGATCTAACTTGGGGTGGCTTTGTCTTCTTCTTTTGCCAATTCCACTAATTGTTGGGG,-0.709
GATCCAGATCTAACTTGGGGTGGCTTTGTCTTCTTCTTTTGCCAATTCCACTAATTGTTTAGG,-1.318
GATCCAGATCTAACTTGGGGTGGCTTTGTCTTCTTCTTTTGCCAATTCCACTAATTGTTTCGG,0.061
GATCCAGATCTAACTTGGGGTGGCTTTGTCTTCTTCTTTTGCCAATTCCACTAATTGTTTTGG,-0.154
GATCCAGATCTAACTTGGGGTGGCTTTGTCTTCTTCTTTTGCCAATTCCACTAATTGTTTGAG,-0.115
GATCCAGATCTAACTTGGGGTGGCTTTGTCTTCTTCTTTTGCCAATTCCACTAATTGTTTGCG,-0.199
GATCCAGATCTAACTTGGGGTGGCTTTGTCTTCTTCTTTTGCCAATTCCACTAATTGTTTGTG,-0.581
GATCCAGATCTAACTTGGGGTGGCTTTGTCTTCTTCTTTTGCCAATTCCACTAATTGTTTGGA,-5.697
GATCCAGATCTAACTTGGGGTGGCTTTGTCTTCTTCTTTTGCCAATTCCACTAATTGTTTGGC,-6.234
GATCCAGATCTAACTTGGGGTGGCTTTGTCTTCTTCTTTTGCCAATTCCACTAATTGTTTGGT,-5.097
